  7.3165700000000000e+005	  1.2160000000000000e+001	  1.2039999999999999e+001	  6.7000000000000002e+000	  5.2659999999999997e+001	  1.1060000000000000e+001	  5.5969999999999999e+001	  3.3340000000000003e+001	  1.2060000000000000e+001	  6.9000000000000004e+000	  2.2379999999999999e+001	  3.6369999999999997e+001	  3.4710000000000001e+001	  6.9299999999999997e+000	  1.2199999999999999e+001	  3.9359999999999999e+001	  2.4239999999999998e+001	  1.0020000000000000e+001	  9.0399999999999991e+000	  3.1400000000000001e+000	  9.9700000000000006e+000	  3.0510000000000002e+001	  8.3200000000000003e+000	  1.7960000000000001e+001	  1.7760000000000002e+001	  1.8829999999999998e+001	  4.2909999999999997e+001	  1.9600000000000000e+000	  1.0180000000000000e+001	  1.2700000000000000e+000	  4.9119999999999997e+001	  3.8240000000000002e+001	  6.9819999999999993e+001	  5.6630000000000003e+001	  1.5420000000000000e+001	  1.2359999999999999e+001	  2.9840000000000000e+001	  2.0070000000000000e+001	  3.0400000000000000e+000	  4.5939999999999998e+001	  1.8129999999999999e+001	  2.4469999999999999e+001	  3.8859999999999999e+001	  1.0430000000000000e+001	  8.6999999999999993e+000	  5.0800000000000001e+000	  2.5899999999999999e+000	  1.2380000000000001e+001	
  7.3166400000000000e+005	  1.1340000000000000e+001	  1.2210000000000001e+001	  6.1699999999999999e+000	  5.1060000000000002e+001	  1.0630000000000001e+001	  4.5689999999999998e+001	  3.1039999999999999e+001	  1.1279999999999999e+001	  6.5300000000000002e+000	  2.2219999999999999e+001	  3.3329999999999998e+001	  3.2859999999999999e+001	  6.5300000000000002e+000	  1.1400000000000000e+001	  3.5969999999999999e+001	  2.2640000000000001e+001	  9.8399999999999999e+000	  8.9000000000000004e+000	  3.2200000000000002e+000	  9.6799999999999997e+000	  3.0370000000000001e+001	  7.5599999999999996e+000	  1.7600000000000001e+001	  1.6620000000000001e+001	  1.8329999999999998e+001	  3.9369999999999997e+001	  2.0000000000000000e+000	  9.2500000000000000e+000	  1.2200000000000000e+000	  4.5070000000000000e+001	  3.5030000000000001e+001	  5.0549999999999997e+001	  5.4710000000000001e+001	  1.3890000000000001e+001	  1.2199999999999999e+001	  2.6309999999999999e+001	  1.9510000000000002e+001	  2.8700000000000001e+000	  4.2990000000000002e+001	  1.6739999999999998e+001	  2.3760000000000002e+001	  3.6009999999999998e+001	  1.0000000000000000e+001	  8.1500000000000004e+000	  5.2199999999999998e+000	  2.4800000000000000e+000	  1.1480000000000000e+001	
  7.3167100000000000e+005	  1.1970000000000001e+001	  1.2520000000000000e+001	  6.3200000000000003e+000	  5.3200000000000003e+001	  1.0750000000000000e+001	  4.5710000000000001e+001	  3.3630000000000003e+001	  1.2240000000000000e+001	  7.1600000000000001e+000	  2.3640000000000001e+001	  3.5520000000000003e+001	  3.3990000000000002e+001	  6.6200000000000001e+000	  1.1640000000000001e+001	  3.7350000000000001e+001	  2.3829999999999998e+001	  1.0740000000000000e+001	  9.2799999999999994e+000	  3.2700000000000000e+000	  1.0250000000000000e+001	  3.2159999999999997e+001	  8.1199999999999992e+000	  1.8280000000000001e+001	  1.7000000000000000e+001	  1.7480000000000000e+001	  4.1020000000000003e+001	  2.0000000000000000e+000	  9.8000000000000007e+000	  1.2400000000000000e+000	  4.8180000000000000e+001	  3.3920000000000002e+001	  5.4810000000000002e+001	  5.9329999999999998e+001	  1.4230000000000000e+001	  1.2380000000000001e+001	  2.8109999999999999e+001	  2.0570000000000000e+001	  3.1299999999999999e+000	  4.6380000000000003e+001	  1.7190000000000001e+001	  2.4949999999999999e+001	  3.7799999999999997e+001	  1.0900000000000000e+001	  8.6600000000000001e+000	  5.4400000000000004e+000	  2.5699999999999998e+000	  1.1420000000000000e+001	
  7.3167800000000000e+005	  1.2510000000000000e+001	  1.3180000000000000e+001	  6.5300000000000002e+000	  5.4640000000000001e+001	  1.0890000000000001e+001	  5.1909999999999997e+001	  3.3719999999999999e+001	  1.3240000000000000e+001	  7.2999999999999998e+000	  2.4379999999999999e+001	  3.4789999999999999e+001	  3.3479999999999997e+001	  6.9400000000000004e+000	  1.1760000000000000e+001	  3.7840000000000003e+001	  2.4649999999999999e+001	  1.0660000000000000e+001	  9.8599999999999994e+000	  3.2300000000000000e+000	  1.0240000000000000e+001	  3.2299999999999997e+001	  8.8800000000000008e+000	  1.8000000000000000e+001	  1.7829999999999998e+001	  1.7649999999999999e+001	  4.1930000000000000e+001	  2.0000000000000000e+000	  1.0619999999999999e+001	  1.2400000000000000e+000	  4.8479999999999997e+001	  3.6270000000000003e+001	  6.2000000000000000e+001	  6.0270000000000003e+001	  1.4760000000000000e+001	  1.2619999999999999e+001	  2.7420000000000002e+001	  2.0680000000000000e+001	  3.1800000000000002e+000	  4.6159999999999997e+001	  1.8710000000000001e+001	  2.5520000000000000e+001	  3.8340000000000003e+001	  1.1029999999999999e+001	  8.8800000000000008e+000	  5.7500000000000000e+000	  2.6600000000000001e+000	  1.0920000000000000e+001	
  7.3168500000000000e+005	  1.2770000000000000e+001	  1.3300000000000001e+001	  7.7199999999999998e+000	  5.3759999999999998e+001	  1.1119999999999999e+001	  5.3880000000000003e+001	  3.4659999999999997e+001	  1.4020000000000000e+001	  7.5800000000000001e+000	  2.3859999999999999e+001	  3.5600000000000001e+001	  3.4850000000000001e+001	  7.1900000000000004e+000	  1.2630000000000001e+001	  4.1320000000000000e+001	  2.5660000000000000e+001	  1.1500000000000000e+001	  1.0160000000000000e+001	  3.2700000000000000e+000	  1.0160000000000000e+001	  3.2460000000000001e+001	  9.5999999999999996e+000	  1.8039999999999999e+001	  1.8020000000000000e+001	  1.8469999999999999e+001	  4.5100000000000001e+001	  2.0000000000000000e+000	  1.1699999999999999e+001	  1.3000000000000000e+000	  4.8560000000000002e+001	  3.7229999999999997e+001	  7.0430000000000007e+001	  6.0130000000000003e+001	  1.5369999999999999e+001	  1.2330000000000000e+001	  2.9160000000000000e+001	  2.1390000000000001e+001	  3.3100000000000001e+000	  4.7250000000000000e+001	  2.1600000000000001e+001	  2.5160000000000000e+001	  4.0820000000000000e+001	  1.1449999999999999e+001	  9.2100000000000009e+000	  5.8100000000000005e+000	  2.6600000000000001e+000	  1.1949999999999999e+001	
  7.3169200000000000e+005	  1.2650000000000000e+001	  1.3350000000000000e+001	  7.4000000000000004e+000	  5.1740000000000002e+001	  1.1350000000000000e+001	  5.1560000000000002e+001	  3.3780000000000001e+001	  1.4730000000000000e+001	  7.5300000000000002e+000	  2.3420000000000002e+001	  3.5649999999999999e+001	  3.4280000000000001e+001	  7.0000000000000000e+000	  1.2730000000000000e+001	  4.0079999999999998e+001	  2.4710000000000001e+001	  1.1580000000000000e+001	  9.6899999999999995e+000	  3.2100000000000000e+000	  9.6400000000000006e+000	  3.2539999999999999e+001	  8.9299999999999997e+000	  1.7160000000000000e+001	  1.8719999999999999e+001	  1.8520000000000000e+001	  4.4340000000000003e+001	  1.9600000000000000e+000	  1.1600000000000000e+001	  1.3000000000000000e+000	  4.6990000000000002e+001	  3.4460000000000001e+001	  6.8599999999999994e+001	  5.8399999999999999e+001	  1.4440000000000000e+001	  1.2090000000000000e+001	  3.1100000000000001e+001	  2.0980000000000000e+001	  3.2700000000000000e+000	  4.5829999999999998e+001	  1.9980000000000000e+001	  2.6969999999999999e+001	  3.9680000000000000e+001	  1.1529999999999999e+001	  9.0700000000000003e+000	  5.8700000000000001e+000	  2.6800000000000002e+000	  1.1779999999999999e+001	
  7.3169900000000000e+005	  1.1920000000000000e+001	  1.3779999999999999e+001	  7.6100000000000003e+000	  5.3920000000000002e+001	  1.1560000000000000e+001	  6.0409999999999997e+001	  3.5500000000000000e+001	  1.4949999999999999e+001	  7.2999999999999998e+000	  2.3559999999999999e+001	  3.6549999999999997e+001	  3.6350000000000001e+001	  7.0800000000000001e+000	  1.3130000000000001e+001	  4.2090000000000003e+001	  2.5010000000000002e+001	  1.1350000000000000e+001	  9.9600000000000009e+000	  3.2500000000000000e+000	  9.9000000000000004e+000	  3.4439999999999998e+001	  8.9499999999999993e+000	  1.7840000000000000e+001	  1.7670000000000002e+001	  1.9160000000000000e+001	  4.6969999999999999e+001	  1.9199999999999999e+000	  1.1699999999999999e+001	  1.3400000000000001e+000	  5.2399999999999999e+001	  3.5850000000000001e+001	  7.7810000000000002e+001	  6.0219999999999999e+001	  1.5230000000000000e+001	  1.1850000000000000e+001	  3.2960000000000001e+001	  2.2510000000000002e+001	  3.3399999999999999e+000	  4.7430000000000000e+001	  2.2030000000000001e+001	  2.7559999999999999e+001	  4.1460000000000001e+001	  1.3100000000000000e+001	  8.9499999999999993e+000	  6.0099999999999998e+000	  2.7300000000000000e+000	  1.2140000000000001e+001	
  7.3170600000000000e+005	  1.2270000000000000e+001	  1.3930000000000000e+001	  7.2199999999999998e+000	  5.3200000000000003e+001	  1.1900000000000000e+001	  6.0869999999999997e+001	  3.4539999999999999e+001	  1.5690000000000000e+001	  6.8899999999999997e+000	  2.4699999999999999e+001	  3.6450000000000003e+001	  3.5670000000000002e+001	  6.7699999999999996e+000	  1.2630000000000001e+001	  4.2759999999999998e+001	  2.4480000000000000e+001	  1.0980000000000000e+001	  1.0050000000000001e+001	  3.4500000000000002e+000	  1.0180000000000000e+001	  3.4530000000000001e+001	  9.0099999999999998e+000	  1.8399999999999999e+001	  1.7530000000000001e+001	  1.8930000000000000e+001	  4.7060000000000002e+001	  1.9199999999999999e+000	  1.2020000000000000e+001	  1.3200000000000001e+000	  5.2780000000000001e+001	  3.6289999999999999e+001	  7.6099999999999994e+001	  5.9520000000000003e+001	  1.5170000000000000e+001	  1.2039999999999999e+001	  3.3189999999999998e+001	  2.2989999999999998e+001	  3.2000000000000002e+000	  4.7740000000000002e+001	  2.1399999999999999e+001	  2.8000000000000000e+001	  4.1009999999999998e+001	  1.2880000000000001e+001	  8.8000000000000007e+000	  5.9299999999999997e+000	  2.7799999999999998e+000	  1.1949999999999999e+001	
  7.3171300000000000e+005	  1.3020000000000000e+001	  1.4250000000000000e+001	  7.5300000000000002e+000	  5.3439999999999998e+001	  1.1350000000000000e+001	  6.2570000000000000e+001	  3.4479999999999997e+001	  1.6899999999999999e+001	  7.0999999999999996e+000	  2.4020000000000000e+001	  3.7920000000000002e+001	  3.5850000000000001e+001	  7.0199999999999996e+000	  1.2930000000000000e+001	  4.3520000000000003e+001	  2.3180000000000000e+001	  1.1520000000000000e+001	  1.0300000000000001e+001	  3.4600000000000000e+000	  1.0250000000000000e+001	  3.5289999999999999e+001	  9.0999999999999996e+000	  2.0879999999999999e+001	  1.8070000000000000e+001	  1.9289999999999999e+001	  4.5740000000000002e+001	  1.9600000000000000e+000	  1.2070000000000000e+001	  1.4299999999999999e+000	  5.1119999999999997e+001	  3.9630000000000003e+001	  7.8730000000000004e+001	  5.9189999999999998e+001	  1.4960000000000001e+001	  1.2270000000000000e+001	  3.1660000000000000e+001	  2.3180000000000000e+001	  3.2799999999999998e+000	  4.7960000000000001e+001	  2.1280000000000001e+001	  2.8230000000000000e+001	  3.8890000000000001e+001	  1.3380000000000001e+001	  8.8200000000000003e+000	  5.9299999999999997e+000	  2.7900000000000000e+000	  1.2550000000000001e+001	
  7.3172000000000000e+005	  1.2369999999999999e+001	  1.4690000000000000e+001	  6.1399999999999997e+000	  5.3340000000000003e+001	  1.1289999999999999e+001	  5.5060000000000002e+001	  3.1590000000000000e+001	  1.5480000000000000e+001	  6.7900000000000000e+000	  2.4320000000000000e+001	  3.6450000000000003e+001	  3.4399999999999999e+001	  6.5499999999999998e+000	  1.1490000000000000e+001	  4.1640000000000001e+001	  2.1960000000000001e+001	  1.1470000000000001e+001	  1.0250000000000000e+001	  3.5299999999999998e+000	  1.0340000000000000e+001	  3.4289999999999999e+001	  8.6199999999999992e+000	  2.0520000000000000e+001	  1.7559999999999999e+001	  1.8760000000000002e+001	  4.3189999999999998e+001	  1.9600000000000000e+000	  1.0730000000000000e+001	  1.6499999999999999e+000	  4.6689999999999998e+001	  3.9070000000000000e+001	  6.9430000000000007e+001	  5.7280000000000001e+001	  1.3550000000000001e+001	  1.1970000000000001e+001	  3.1129999999999999e+001	  2.1920000000000002e+001	  3.1400000000000001e+000	  4.5570000000000000e+001	  2.0730000000000000e+001	  2.7370000000000001e+001	  3.5939999999999998e+001	  1.2400000000000000e+001	  8.5600000000000005e+000	  6.1200000000000001e+000	  2.7000000000000002e+000	  1.3500000000000000e+001	
  7.3172700000000000e+005	  1.3529999999999999e+001	  1.4850000000000000e+001	  6.7300000000000004e+000	  5.4960000000000001e+001	  1.0640000000000001e+001	  6.0310000000000002e+001	  3.3490000000000002e+001	  1.5900000000000000e+001	  6.8899999999999997e+000	  2.3980000000000000e+001	  3.6930000000000000e+001	  3.5030000000000001e+001	  7.4199999999999999e+000	  1.2330000000000000e+001	  4.4590000000000003e+001	  2.2989999999999998e+001	  1.2050000000000001e+001	  1.0449999999999999e+001	  3.5899999999999999e+000	  1.0520000000000000e+001	  3.5539999999999999e+001	  8.8699999999999992e+000	  2.1000000000000000e+001	  1.8469999999999999e+001	  1.9129999999999999e+001	  4.4380000000000003e+001	  1.9600000000000000e+000	  1.1369999999999999e+001	  1.7700000000000000e+000	  4.6049999999999997e+001	  4.0759999999999998e+001	  7.8439999999999998e+001	  5.8219999999999999e+001	  1.5039999999999999e+001	  1.2100000000000000e+001	  3.2880000000000003e+001	  2.2609999999999999e+001	  3.2700000000000000e+000	  4.8180000000000000e+001	  2.2489999999999998e+001	  2.8949999999999999e+001	  3.7450000000000003e+001	  1.3090000000000000e+001	  8.8000000000000007e+000	  6.4000000000000004e+000	  2.8100000000000001e+000	  1.3410000000000000e+001	
  7.3173400000000000e+005	  1.3990000000000000e+001	  1.4410000000000000e+001	  7.2900000000000000e+000	  5.5539999999999999e+001	  1.0770000000000000e+001	  6.3789999999999999e+001	  3.3039999999999999e+001	  1.7160000000000000e+001	  7.1799999999999997e+000	  2.4420000000000002e+001	  3.9450000000000003e+001	  3.5700000000000003e+001	  7.8300000000000001e+000	  1.3289999999999999e+001	  4.8789999999999999e+001	  2.2730000000000000e+001	  1.1970000000000001e+001	  1.0730000000000000e+001	  3.6499999999999999e+000	  1.0770000000000000e+001	  3.5579999999999998e+001	  9.3499999999999996e+000	  2.2079999999999998e+001	  1.7760000000000002e+001	  1.9609999999999999e+001	  4.6969999999999999e+001	  1.9600000000000000e+000	  1.2619999999999999e+001	  1.7200000000000000e+000	  5.2590000000000003e+001	  4.1789999999999999e+001	  8.1239999999999995e+001	  5.8549999999999997e+001	  1.6489999999999998e+001	  1.2480000000000000e+001	  3.4920000000000002e+001	  2.2210000000000001e+001	  3.4199999999999999e+000	  4.7810000000000002e+001	  2.5420000000000002e+001	  2.8149999999999999e+001	  4.0289999999999999e+001	  1.3900000000000000e+001	  9.2200000000000006e+000	  6.2800000000000002e+000	  2.8100000000000001e+000	  1.4400000000000000e+001	
  7.3174100000000000e+005	  1.3980000000000000e+001	  1.4779999999999999e+001	  7.4699999999999998e+000	  5.4520000000000003e+001	  1.0619999999999999e+001	  6.9230000000000004e+001	  3.4680000000000000e+001	  1.7300000000000001e+001	  7.5000000000000000e+000	  2.4420000000000002e+001	  4.0039999999999999e+001	  3.8070000000000000e+001	  7.4100000000000001e+000	  1.3619999999999999e+001	  5.1590000000000003e+001	  2.3899999999999999e+001	  1.1760000000000000e+001	  1.0910000000000000e+001	  3.6400000000000001e+000	  1.0779999999999999e+001	  3.5430000000000000e+001	  9.6999999999999993e+000	  2.2760000000000002e+001	  1.7230000000000000e+001	  1.9379999999999999e+001	  4.8420000000000002e+001	  1.9600000000000000e+000	  1.2699999999999999e+001	  1.7500000000000000e+000	  5.0500000000000000e+001	  4.2020000000000003e+001	  8.5909999999999997e+001	  5.9439999999999998e+001	  1.5310000000000000e+001	  1.2680000000000000e+001	  3.5789999999999999e+001	  2.3570000000000000e+001	  4.5899999999999999e+000	  4.8439999999999998e+001	  2.5390000000000001e+001	  3.0289999999999999e+001	  3.9079999999999998e+001	  1.3760000000000000e+001	  9.3100000000000005e+000	  6.4100000000000001e+000	  2.9300000000000002e+000	  1.4100000000000000e+001	
  7.3174800000000000e+005	  1.4020000000000000e+001	  1.4720000000000001e+001	  7.5199999999999996e+000	  5.6820000000000000e+001	  1.0890000000000001e+001	  7.1170000000000002e+001	  3.5630000000000003e+001	  1.8129999999999999e+001	  7.9400000000000004e+000	  2.5760000000000002e+001	  4.2149999999999999e+001	  4.0119999999999997e+001	  7.9000000000000004e+000	  1.3480000000000000e+001	  5.2189999999999998e+001	  2.4890000000000001e+001	  1.2300000000000001e+001	  1.1430000000000000e+001	  3.6600000000000001e+000	  1.0789999999999999e+001	  3.5729999999999997e+001	  9.9100000000000001e+000	  2.3199999999999999e+001	  1.7010000000000002e+001	  2.0390000000000001e+001	  4.9950000000000003e+001	  2.0400000000000000e+000	  1.3029999999999999e+001	  1.8500000000000001e+000	  4.9390000000000001e+001	  4.2890000000000001e+001	  8.2590000000000003e+001	  6.1890000000000001e+001	  1.5539999999999999e+001	  1.2970000000000001e+001	  3.8680000000000000e+001	  2.4059999999999999e+001	  4.7400000000000002e+000	  5.0159999999999997e+001	  2.4500000000000000e+001	  3.1410000000000000e+001	  4.0430000000000000e+001	  1.4000000000000000e+001	  9.5800000000000001e+000	  6.6299999999999999e+000	  3.0200000000000000e+000	  1.4359999999999999e+001	
  7.3175500000000000e+005	  1.3760000000000000e+001	  1.4510000000000000e+001	  7.5700000000000003e+000	  5.5039999999999999e+001	  1.1109999999999999e+001	  6.9019999999999996e+001	  3.7719999999999999e+001	  2.0129999999999999e+001	  7.7199999999999998e+000	  2.4760000000000002e+001	  4.0530000000000001e+001	  3.9060000000000002e+001	  7.6100000000000003e+000	  1.3240000000000000e+001	  5.2829999999999998e+001	  2.6390000000000001e+001	  1.2800000000000001e+001	  1.1340000000000000e+001	  3.5299999999999998e+000	  1.0810000000000000e+001	  4.9259999999999998e+001	  9.8800000000000008e+000	  2.2520000000000000e+001	  1.9050000000000001e+001	  1.9620000000000001e+001	  4.7350000000000001e+001	  2.0400000000000000e+000	  1.2820000000000000e+001	  1.8799999999999999e+000	  4.5829999999999998e+001	  4.1500000000000000e+001	  7.9640000000000001e+001	  5.7130000000000003e+001	  1.5480000000000000e+001	  1.2740000000000000e+001	  3.9200000000000003e+001	  2.5320000000000000e+001	  4.6799999999999997e+000	  4.6280000000000001e+001	  2.4809999999999999e+001	  3.2890000000000001e+001	  4.0630000000000003e+001	  1.2640000000000001e+001	  9.4700000000000006e+000	  6.5000000000000000e+000	  3.0400000000000000e+000	  1.3980000000000000e+001	
  7.3176200000000000e+005	  1.3960000000000001e+001	  1.4340000000000000e+001	  7.4500000000000002e+000	  5.5039999999999999e+001	  1.0420000000000000e+001	  6.7370000000000005e+001	  3.4229999999999997e+001	  1.7940000000000001e+001	  7.4100000000000001e+000	  2.4500000000000000e+001	  3.9840000000000003e+001	  3.8469999999999999e+001	  7.6200000000000001e+000	  1.3119999999999999e+001	  5.2229999999999997e+001	  2.7030000000000001e+001	  1.2430000000000000e+001	  1.0949999999999999e+001	  3.5200000000000000e+000	  1.0590000000000000e+001	  3.5729999999999997e+001	  9.4600000000000009e+000	  2.1879999999999999e+001	  1.8789999999999999e+001	  1.8480000000000000e+001	  4.8880000000000003e+001	  2.1600000000000001e+000	  1.2580000000000000e+001	  1.8200000000000001e+000	  4.8539999999999999e+001	  4.1200000000000003e+001	  7.6819999999999993e+001	  5.5430000000000000e+001	  1.5029999999999999e+001	  1.2560000000000000e+001	  4.1350000000000001e+001	  2.3199999999999999e+001	  4.5800000000000001e+000	  4.6369999999999997e+001	  2.4030000000000001e+001	  3.1859999999999999e+001	  4.0590000000000003e+001	  1.2029999999999999e+001	  9.1600000000000001e+000	  6.3700000000000001e+000	  2.9100000000000001e+000	  1.3710000000000001e+001	
  7.3176900000000000e+005	  1.3609999999999999e+001	  1.4330000000000000e+001	  8.3399999999999999e+000	  5.7159999999999997e+001	  1.0640000000000001e+001	  7.3329999999999998e+001	  3.6090000000000003e+001	  1.8570000000000000e+001	  7.8700000000000001e+000	  2.4359999999999999e+001	  4.0950000000000003e+001	  3.9009999999999998e+001	  7.6399999999999997e+000	  1.3840000000000000e+001	  5.3200000000000003e+001	  2.7879999999999999e+001	  1.2150000000000000e+001	  1.1190000000000000e+001	  3.5800000000000001e+000	  1.0770000000000000e+001	  3.6420000000000002e+001	  1.0029999999999999e+001	  2.2199999999999999e+001	  1.8350000000000001e+001	  1.8920000000000002e+001	  4.9180000000000000e+001	  2.2400000000000002e+000	  1.3170000000000000e+001	  1.8700000000000001e+000	  5.1880000000000003e+001	  4.3630000000000003e+001	  8.0719999999999999e+001	  5.6229999999999997e+001	  1.6420000000000002e+001	  1.2770000000000000e+001	  4.2000000000000000e+001	  2.3770000000000000e+001	  4.7599999999999998e+000	  4.7990000000000002e+001	  2.4789999999999999e+001	  3.1949999999999999e+001	  4.3210000000000001e+001	  1.2480000000000000e+001	  9.2599999999999998e+000	  6.4699999999999998e+000	  2.9199999999999999e+000	  1.3539999999999999e+001	
  7.3177600000000000e+005	  1.3970000000000001e+001	  1.4619999999999999e+001	  9.1400000000000006e+000	  5.5799999999999997e+001	  1.0560000000000000e+001	  8.0170000000000002e+001	  3.7130000000000003e+001	  1.8460000000000001e+001	  7.7300000000000004e+000	  2.4219999999999999e+001	  4.1409999999999997e+001	  3.8930000000000000e+001	  7.6100000000000003e+000	  1.4119999999999999e+001	  5.2829999999999998e+001	  2.6570000000000000e+001	  1.2109999999999999e+001	  1.0949999999999999e+001	  3.6000000000000001e+000	  1.0789999999999999e+001	  3.6640000000000001e+001	  1.0140000000000001e+001	  2.2079999999999998e+001	  1.8010000000000002e+001	  1.9109999999999999e+001	  4.9390000000000001e+001	  2.2000000000000002e+000	  1.3940000000000000e+001	  1.8799999999999999e+000	  5.0719999999999999e+001	  4.4149999999999999e+001	  8.2540000000000006e+001	  5.5570000000000000e+001	  1.6140000000000001e+001	  1.2820000000000000e+001	  4.1729999999999997e+001	  2.2820000000000000e+001	  4.6500000000000004e+000	  4.6960000000000001e+001	  2.4010000000000002e+001	  3.2100000000000001e+001	  4.3960000000000001e+001	  1.2500000000000000e+001	  9.1699999999999999e+000	  6.5099999999999998e+000	  2.9399999999999999e+000	  1.3500000000000000e+001	
  7.3178300000000000e+005	  1.3760000000000000e+001	  1.4369999999999999e+001	  9.1799999999999997e+000	  5.5759999999999998e+001	  1.0550000000000001e+001	  7.8109999999999999e+001	  3.6710000000000001e+001	  1.7739999999999998e+001	  7.6500000000000004e+000	  2.4460000000000001e+001	  4.0619999999999997e+001	  3.7780000000000001e+001	  7.6299999999999999e+000	  1.4130000000000001e+001	  5.2530000000000001e+001	  2.6980000000000000e+001	  1.2150000000000000e+001	  1.1070000000000000e+001	  3.6899999999999999e+000	  1.0650000000000000e+001	  3.7289999999999999e+001	  9.8300000000000001e+000	  2.1760000000000002e+001	  1.8460000000000001e+001	  1.8870000000000001e+001	  5.0369999999999997e+001	  2.2400000000000002e+000	  1.4070000000000000e+001	  1.8899999999999999e+000	  5.0539999999999999e+001	  4.4280000000000001e+001	  7.9730000000000004e+001	  5.4630000000000003e+001	  1.6230000000000000e+001	  1.2859999999999999e+001	  4.3310000000000002e+001	  2.2800000000000001e+001	  4.6200000000000001e+000	  4.6549999999999997e+001	  2.3440000000000001e+001	  3.0760000000000002e+001	  4.5539999999999999e+001	  1.2500000000000000e+001	  9.2599999999999998e+000	  6.2800000000000002e+000	  2.9700000000000002e+000	  1.3670000000000000e+001	
  7.3179000000000000e+005	  1.3690000000000000e+001	  1.4609999999999999e+001	  9.4800000000000004e+000	  5.7159999999999997e+001	  1.0310000000000000e+001	  8.6430000000000007e+001	  3.8430000000000000e+001	  1.9199999999999999e+001	  8.0600000000000005e+000	  2.4600000000000001e+001	  4.2820000000000000e+001	  3.6789999999999999e+001	  8.5299999999999994e+000	  1.4570000000000000e+001	  5.1469999999999999e+001	  2.7079999999999998e+001	  1.2660000000000000e+001	  1.1070000000000000e+001	  3.6299999999999999e+000	  1.0500000000000000e+001	  3.6880000000000003e+001	  1.0289999999999999e+001	  2.1680000000000000e+001	  2.0260000000000002e+001	  1.9160000000000000e+001	  5.2969999999999999e+001	  2.2000000000000002e+000	  1.4900000000000000e+001	  1.9199999999999999e+000	  5.2950000000000003e+001	  4.5909999999999997e+001	  8.6799999999999997e+001	  5.4439999999999998e+001	  1.6739999999999998e+001	  1.2940000000000000e+001	  4.2960000000000001e+001	  2.2510000000000002e+001	  4.7000000000000002e+000	  4.4729999999999997e+001	  2.4340000000000000e+001	  3.2590000000000003e+001	  4.6140000000000001e+001	  1.2440000000000000e+001	  9.4600000000000009e+000	  6.0999999999999996e+000	  2.9900000000000002e+000	  1.3010000000000000e+001	
  7.3179700000000000e+005	  1.3810000000000000e+001	  1.5460000000000001e+001	  9.2200000000000006e+000	  5.6060000000000002e+001	  1.0529999999999999e+001	  8.0349999999999994e+001	  3.6289999999999999e+001	  1.7430000000000000e+001	  7.9100000000000001e+000	  2.5039999999999999e+001	  4.2100000000000001e+001	  3.7820000000000000e+001	  8.1999999999999993e+000	  1.4039999999999999e+001	  4.8520000000000003e+001	  2.6859999999999999e+001	  1.2760000000000000e+001	  1.1160000000000000e+001	  3.6000000000000001e+000	  1.0900000000000000e+001	  3.7340000000000003e+001	  9.9399999999999995e+000	  2.2920000000000002e+001	  2.0000000000000000e+001	  1.8719999999999999e+001	  5.2070000000000000e+001	  2.2000000000000002e+000	  1.4330000000000000e+001	  1.8799999999999999e+000	  5.2950000000000003e+001	  4.4380000000000003e+001	  8.0329999999999998e+001	  5.3920000000000002e+001	  1.6460000000000001e+001	  1.3109999999999999e+001	  4.2729999999999997e+001	  2.2320000000000000e+001	  4.5499999999999998e+000	  4.3899999999999999e+001	  2.3230000000000000e+001	  3.2219999999999999e+001	  4.5990000000000002e+001	  1.2180000000000000e+001	  9.4499999999999993e+000	  4.7450000000000001e+000	  3.0200000000000000e+000	  1.2820000000000000e+001	
  7.3180400000000000e+005	  1.4119999999999999e+001	  1.6100000000000001e+001	  9.3900000000000006e+000	  5.7159999999999997e+001	  1.0400000000000000e+001	  7.9930000000000007e+001	  3.7990000000000002e+001	  1.7649999999999999e+001	  8.1899999999999995e+000	  2.5600000000000001e+001	  4.3840000000000003e+001	  3.8490000000000002e+001	  8.8200000000000003e+000	  1.5029999999999999e+001	  5.0310000000000002e+001	  2.8449999999999999e+001	  1.3010000000000000e+001	  1.1250000000000000e+001	  3.6800000000000002e+000	  1.1330000000000000e+001	  3.8149999999999999e+001	  1.0420000000000000e+001	  2.3680000000000000e+001	  2.1059999999999999e+001	  1.9210000000000001e+001	  5.4200000000000003e+001	  2.2400000000000002e+000	  1.5460000000000001e+001	  1.8700000000000001e+000	  5.6460000000000001e+001	  4.5509999999999998e+001	  8.4700000000000003e+001	  5.5759999999999998e+001	  1.7730000000000000e+001	  1.3570000000000000e+001	  4.5920000000000002e+001	  2.2489999999999998e+001	  4.7300000000000004e+000	  4.4770000000000003e+001	  2.3090000000000000e+001	  3.3399999999999999e+001	  4.8789999999999999e+001	  1.2500000000000000e+001	  9.8499999999999996e+000	  3.3900000000000001e+000	  3.1499999999999999e+000	  1.3330000000000000e+001	
  7.3181100000000000e+005	  1.4070000000000000e+001	  1.5539999999999999e+001	  9.8100000000000005e+000	  5.7200000000000003e+001	  1.0600000000000000e+001	  8.0209999999999994e+001	  3.8899999999999999e+001	  1.8280000000000001e+001	  8.3000000000000007e+000	  2.5760000000000002e+001	  4.1960000000000001e+001	  3.9630000000000003e+001	  9.2599999999999998e+000	  1.6129999999999999e+001	  4.9219999999999999e+001	  2.9699999999999999e+001	  1.2980000000000000e+001	  1.1400000000000000e+001	  3.6800000000000002e+000	  1.1320000000000000e+001	  3.8219999999999999e+001	  1.0720000000000001e+001	  2.4000000000000000e+001	  2.0309999999999999e+001	  1.9140000000000001e+001	  5.1439999999999998e+001	  2.2799999999999998e+000	  1.5630000000000001e+001	  1.8300000000000001e+000	  5.6240000000000002e+001	  5.0039999999999999e+001	  9.2170000000000002e+001	  5.9020000000000003e+001	  1.9390000000000001e+001	  1.4070000000000000e+001	  4.6479999999999997e+001	  2.2350000000000001e+001	  4.6900000000000004e+000	  4.4469999999999999e+001	  2.4960000000000001e+001	  3.3450000000000003e+001	  5.2640000000000001e+001	  1.3000000000000000e+001	  1.0090000000000000e+001	  1.8200000000000001e+000	  3.0699999999999998e+000	  1.3580000000000000e+001	
  7.3181800000000000e+005	  1.3480000000000000e+001	  1.4900000000000000e+001	  9.6300000000000008e+000	  5.5380000000000003e+001	  1.0850000000000000e+001	  7.5569999999999993e+001	  3.7950000000000003e+001	  1.7620000000000001e+001	  8.0800000000000001e+000	  2.5620000000000001e+001	  4.0859999999999999e+001	  4.1780000000000001e+001	  9.4399999999999995e+000	  1.5630000000000001e+001	  4.8219999999999999e+001	  2.9670000000000002e+001	  1.2250000000000000e+001	  1.1220000000000001e+001	  3.5800000000000001e+000	  1.1150000000000000e+001	  3.7990000000000002e+001	  9.8100000000000005e+000	  2.3559999999999999e+001	  1.9870000000000001e+001	  1.8500000000000000e+001	  5.1350000000000001e+001	  2.2799999999999998e+000	  1.5130000000000001e+001	  1.7800000000000000e+000	  5.4409999999999997e+001	  5.1159999999999997e+001	  8.0569999999999993e+001	  5.9719999999999999e+001	  2.0100000000000001e+001	  1.4000000000000000e+001	  4.7740000000000002e+001	  2.2320000000000000e+001	  4.6399999999999997e+000	  4.6100000000000001e+001	  2.5739999999999998e+001	  3.3070000000000000e+001	  5.2500000000000000e+001	  1.3020000000000000e+001	  9.8699999999999992e+000	  1.7400000000000000e+000	  3.0600000000000001e+000	  1.3160000000000000e+001	
  7.3182500000000000e+005	  1.3970000000000001e+001	  1.4970000000000001e+001	  1.0180000000000000e+001	  5.6380000000000003e+001	  1.0699999999999999e+001	  7.9969999999999999e+001	  3.8329999999999998e+001	  1.8260000000000002e+001	  8.2100000000000009e+000	  2.6359999999999999e+001	  4.1240000000000002e+001	  4.1320000000000000e+001	  1.0600000000000000e+001	  1.6359999999999999e+001	  5.2320000000000000e+001	  3.0930000000000000e+001	  1.2310000000000000e+001	  1.1220000000000001e+001	  3.6299999999999999e+000	  1.1310000000000000e+001	  3.6469999999999999e+001	  1.0119999999999999e+001	  2.3920000000000002e+001	  1.9500000000000000e+001	  1.9190000000000001e+001	  5.2750000000000000e+001	  2.2400000000000002e+000	  1.6120000000000001e+001	  1.8899999999999999e+000	  5.7619999999999997e+001	  5.1390000000000001e+001	  8.7000000000000000e+001	  5.9020000000000003e+001	  2.0170000000000002e+001	  1.4100000000000000e+001	  4.8920000000000002e+001	  2.2160000000000000e+001	  4.7300000000000004e+000	  4.7270000000000003e+001	  2.8539999999999999e+001	  3.2829999999999998e+001	  5.3070000000000000e+001	  1.3609999999999999e+001	  1.0130000000000001e+001	  1.7100000000000000e+000	  3.0899999999999999e+000	  1.4529999999999999e+001	
  7.3183200000000000e+005	  1.3580000000000000e+001	  1.4570000000000000e+001	  9.8900000000000006e+000	  5.4320000000000000e+001	  1.0800000000000001e+001	  7.6980000000000004e+001	  3.7189999999999998e+001	  1.7660000000000000e+001	  7.8300000000000001e+000	  2.7140000000000001e+001	  3.9930000000000000e+001	  4.0880000000000003e+001	  1.0340000000000000e+001	  1.5710000000000001e+001	  5.2060000000000002e+001	  2.8480000000000000e+001	  1.2410000000000000e+001	  1.0980000000000000e+001	  3.5200000000000000e+000	  1.1199999999999999e+001	  3.6030000000000001e+001	  9.6999999999999993e+000	  2.3440000000000001e+001	  1.9530000000000001e+001	  1.9199999999999999e+001	  5.1689999999999998e+001	  2.2400000000000002e+000	  1.5350000000000000e+001	  1.7900000000000000e+000	  5.3520000000000003e+001	  5.0180000000000000e+001	  8.3590000000000003e+001	  5.8829999999999998e+001	  1.9010000000000002e+001	  1.3289999999999999e+001	  4.7090000000000003e+001	  2.2530000000000001e+001	  4.5899999999999999e+000	  4.8799999999999997e+001	  2.6579999999999998e+001	  3.0629999999999999e+001	  5.0509999999999998e+001	  1.3470000000000001e+001	  9.7799999999999994e+000	  1.7400000000000000e+000	  3.0499999999999998e+000	  1.3470000000000001e+001	
  7.3183900000000000e+005	  1.4150000000000000e+001	  1.4910000000000000e+001	  1.0140000000000001e+001	  5.5079999999999998e+001	  1.1050000000000001e+001	  7.7260000000000005e+001	  3.7719999999999999e+001	  1.8850000000000001e+001	  7.9500000000000002e+000	  2.7300000000000001e+001	  4.1060000000000002e+001	  4.2329999999999998e+001	  1.0690000000000000e+001	  1.6300000000000001e+001	  5.2920000000000002e+001	  2.9210000000000001e+001	  1.2310000000000000e+001	  1.1050000000000001e+001	  3.5400000000000000e+000	  1.1050000000000001e+001	  3.7250000000000000e+001	  9.8300000000000001e+000	  2.3000000000000000e+001	  1.9420000000000002e+001	  1.9620000000000001e+001	  5.3180000000000000e+001	  2.2400000000000002e+000	  1.5670000000000000e+001	  1.8799999999999999e+000	  5.4369999999999997e+001	  5.1159999999999997e+001	  8.3620000000000005e+001	  5.8920000000000002e+001	  2.0289999999999999e+001	  1.3460000000000001e+001	  4.9140000000000001e+001	  2.2320000000000000e+001	  4.7000000000000002e+000	  5.0340000000000003e+001	  2.8270000000000000e+001	  3.2880000000000003e+001	  5.2149999999999999e+001	  1.3190000000000000e+001	  9.9499999999999993e+000	  1.8300000000000001e+000	  3.0499999999999998e+000	  1.3820000000000000e+001	
  7.3184600000000000e+005	  1.3529999999999999e+001	  1.4650000000000000e+001	  8.8800000000000008e+000	  5.3079999999999998e+001	  1.0890000000000001e+001	  7.0980000000000004e+001	  3.5090000000000003e+001	  1.7510000000000002e+001	  7.4500000000000002e+000	  2.6859999999999999e+001	  3.9570000000000000e+001	  4.0590000000000003e+001	  9.7100000000000009e+000	  1.4539999999999999e+001	  4.9159999999999997e+001	  2.6460000000000001e+001	  1.1880000000000001e+001	  1.0609999999999999e+001	  3.4800000000000000e+000	  1.0750000000000000e+001	  3.4409999999999997e+001	  9.6500000000000004e+000	  2.2320000000000000e+001	  1.8219999999999999e+001	  1.8559999999999999e+001	  5.0200000000000003e+001	  2.1600000000000001e+000	  1.3800000000000001e+001	  1.7500000000000000e+000	  5.1210000000000001e+001	  4.9149999999999999e+001	  7.5129999999999995e+001	  5.7549999999999997e+001	  1.8160000000000000e+001	  1.3060000000000000e+001	  4.5049999999999997e+001	  2.1520000000000000e+001	  4.4299999999999997e+000	  4.7990000000000002e+001	  2.5449999999999999e+001	  3.0520000000000000e+001	  4.8340000000000003e+001	  1.2680000000000000e+001	  9.5099999999999998e+000	  1.7700000000000000e+000	  2.9700000000000002e+000	  1.3619999999999999e+001	
  7.3185300000000000e+005	  1.4050000000000001e+001	  1.4609999999999999e+001	  9.3699999999999992e+000	  5.4060000000000002e+001	  1.0609999999999999e+001	  7.4450000000000003e+001	  3.7719999999999999e+001	  1.7629999999999999e+001	  7.6900000000000004e+000	  2.6719999999999999e+001	  4.0979999999999997e+001	  4.1750000000000000e+001	  1.0580000000000000e+001	  1.5109999999999999e+001	  5.1799999999999997e+001	  2.6910000000000000e+001	  1.2109999999999999e+001	  1.0609999999999999e+001	  3.4900000000000002e+000	  1.0980000000000000e+001	  3.5299999999999997e+001	  9.6500000000000004e+000	  2.2760000000000002e+001	  1.8609999999999999e+001	  1.8660000000000000e+001	  5.1820000000000000e+001	  2.1600000000000001e+000	  1.4720000000000001e+001	  1.7900000000000000e+000	  5.2100000000000001e+001	  5.1759999999999998e+001	  7.9530000000000001e+001	  5.7740000000000002e+001	  1.9270000000000000e+001	  1.3449999999999999e+001	  4.6869999999999997e+001	  2.1789999999999999e+001	  4.5400000000000000e+000	  4.9070000000000000e+001	  2.6899999999999999e+001	  3.1359999999999999e+001	  5.0740000000000002e+001	  1.2580000000000000e+001	  9.8100000000000005e+000	  1.7700000000000000e+000	  2.9700000000000002e+000	  1.4029999999999999e+001	
  7.3186000000000000e+005	  1.3949999999999999e+001	  1.5230000000000000e+001	  9.3399999999999999e+000	  5.4100000000000001e+001	  1.0520000000000000e+001	  7.4870000000000005e+001	  3.5359999999999999e+001	  1.7059999999999999e+001	  7.7699999999999996e+000	  2.6879999999999999e+001	  4.0979999999999997e+001	  4.0859999999999999e+001	  1.0770000000000000e+001	  1.5000000000000000e+001	  5.1219999999999999e+001	  2.6570000000000000e+001	  1.2100000000000000e+001	  1.0529999999999999e+001	  3.4900000000000002e+000	  1.1130000000000001e+001	  3.4990000000000002e+001	  9.7400000000000002e+000	  2.2680000000000000e+001	  1.9129999999999999e+001	  1.8420000000000002e+001	  5.2289999999999999e+001	  2.1600000000000001e+000	  1.4500000000000000e+001	  1.7900000000000000e+000	  5.2149999999999999e+001	  5.3490000000000002e+001	  7.9560000000000002e+001	  5.6469999999999999e+001	  2.0050000000000001e+001	  1.3529999999999999e+001	  4.5700000000000003e+001	  2.1219999999999999e+001	  4.5999999999999996e+000	  4.7539999999999999e+001	  2.9230000000000000e+001	  3.1750000000000000e+001	  5.1539999999999999e+001	  1.2720000000000001e+001	  9.9299999999999997e+000	  1.7300000000000000e+000	  2.9500000000000002e+000	  1.4789999999999999e+001	
  7.3186700000000000e+005	  1.4590000000000000e+001	  1.5460000000000001e+001	  9.4499999999999993e+000	  5.3640000000000001e+001	  1.0480000000000000e+001	  7.7730000000000004e+001	  3.5909999999999997e+001	  1.7570000000000000e+001	  7.7900000000000000e+000	  2.7539999999999999e+001	  4.0700000000000003e+001	  4.1719999999999999e+001	  1.0630000000000001e+001	  1.5250000000000000e+001	  5.1680000000000000e+001	  2.7449999999999999e+001	  1.2100000000000000e+001	  1.0630000000000001e+001	  3.5099999999999998e+000	  1.1180000000000000e+001	  3.3820000000000000e+001	  9.8499999999999996e+000	  2.2920000000000002e+001	  1.8890000000000001e+001	  1.8570000000000000e+001	  5.3520000000000003e+001	  2.1600000000000001e+000	  1.5029999999999999e+001	  1.7700000000000000e+000	  5.2770000000000003e+001	  5.4520000000000003e+001	  8.4010000000000005e+001	  5.8780000000000001e+001	  2.0449999999999999e+001	  1.3730000000000000e+001	  4.7479999999999997e+001	  2.1449999999999999e+001	  4.7199999999999998e+000	  4.7590000000000003e+001	  2.9109999999999999e+001	  3.2509999999999998e+001	  5.1899999999999999e+001	  1.2770000000000000e+001	  9.7799999999999994e+000	  1.8200000000000001e+000	  3.0499999999999998e+000	  1.5039999999999999e+001	
  7.3187400000000000e+005	  1.4270000000000000e+001	  1.5220000000000001e+001	  9.0199999999999996e+000	  5.3380000000000003e+001	  1.0460000000000001e+001	  7.5709999999999994e+001	  3.5390000000000001e+001	  1.7510000000000002e+001	  7.6900000000000004e+000	  2.6800000000000001e+001	  3.9030000000000001e+001	  4.0320000000000000e+001	  1.0270000000000000e+001	  1.4900000000000000e+001	  5.0210000000000001e+001	  2.5960000000000001e+001	  1.2230000000000000e+001	  1.0539999999999999e+001	  3.4700000000000002e+000	  1.0869999999999999e+001	  3.4140000000000001e+001	  9.4700000000000006e+000	  2.2160000000000000e+001	  1.8690000000000001e+001	  1.8320000000000000e+001	  5.0759999999999998e+001	  2.1200000000000001e+000	  1.4310000000000000e+001	  1.7600000000000000e+000	  5.2189999999999998e+001	  5.3350000000000001e+001	  8.6349999999999994e+001	  5.8219999999999999e+001	  1.9420000000000002e+001	  1.3289999999999999e+001	  4.6439999999999998e+001	  2.1280000000000001e+001	  4.6100000000000003e+000	  4.6780000000000001e+001	  2.8070000000000000e+001	  3.1539999999999999e+001	  5.0320000000000000e+001	  1.2330000000000000e+001	  9.5000000000000000e+000	  1.8200000000000001e+000	  2.9800000000000000e+000	  1.4910000000000000e+001	
  7.3188100000000000e+005	  1.5260000000000000e+001	  1.5730000000000000e+001	  9.6300000000000008e+000	  5.3979999999999997e+001	  1.0670000000000000e+001	  8.6060000000000002e+001	  3.5090000000000003e+001	  1.9030000000000001e+001	  8.2599999999999998e+000	  2.6640000000000001e+001	  4.0700000000000003e+001	  4.1560000000000002e+001	  1.0820000000000000e+001	  1.5779999999999999e+001	  5.2140000000000001e+001	  2.7710000000000001e+001	  1.2800000000000001e+001	  1.0800000000000001e+001	  3.4700000000000002e+000	  1.1070000000000000e+001	  3.6009999999999998e+001	  9.7899999999999991e+000	  2.2520000000000000e+001	  1.8300000000000001e+001	  1.8710000000000001e+001	  5.4329999999999998e+001	  2.1200000000000001e+000	  1.5220000000000001e+001	  1.8899999999999999e+000	  5.4810000000000002e+001	  5.5549999999999997e+001	  8.9040000000000006e+001	  6.0009999999999998e+001	  2.1000000000000000e+001	  1.3660000000000000e+001	  4.9479999999999997e+001	  2.1890000000000001e+001	  4.9299999999999997e+000	  4.7950000000000003e+001	  2.9520000000000000e+001	  3.3719999999999999e+001	  5.4130000000000003e+001	  1.2500000000000000e+001	  9.8599999999999994e+000	  1.8300000000000001e+000	  3.0699999999999998e+000	  1.5529999999999999e+001	
  7.3188800000000000e+005	  1.5960000000000001e+001	  1.5750000000000000e+001	  1.0160000000000000e+001	  5.6899999999999999e+001	  1.0750000000000000e+001	  8.8769999999999996e+001	  3.8750000000000000e+001	  2.0600000000000001e+001	  8.4399999999999995e+000	  2.6820000000000000e+001	  4.2100000000000001e+001	  4.2520000000000003e+001	  1.0970000000000001e+001	  1.6109999999999999e+001	  5.2990000000000002e+001	  2.8140000000000001e+001	  1.2740000000000000e+001	  1.1020000000000000e+001	  3.4900000000000002e+000	  1.1320000000000000e+001	  3.7210000000000001e+001	  9.9299999999999997e+000	  2.2960000000000001e+001	  1.8440000000000001e+001	  1.9050000000000001e+001	  5.7219999999999999e+001	  2.1200000000000001e+000	  1.6239999999999998e+001	  1.9900000000000000e+000	  5.6509999999999998e+001	  5.6859999999999999e+001	  9.0769999999999996e+001	  6.0950000000000003e+001	  2.1840000000000000e+001	  1.3850000000000000e+001	  5.0270000000000003e+001	  2.2680000000000000e+001	  5.1900000000000004e+000	  4.8979999999999997e+001	  3.1570000000000000e+001	  3.3890000000000001e+001	  5.7060000000000002e+001	  1.2720000000000001e+001	  9.9499999999999993e+000	  1.9700000000000000e+000	  3.0499999999999998e+000	  1.6660000000000000e+001	
  7.3189500000000000e+005	  1.5660000000000000e+001	  1.5820000000000000e+001	  9.9199999999999999e+000	  5.6939999999999998e+001	  1.0500000000000000e+001	  8.9659999999999997e+001	  3.8450000000000003e+001	  2.0609999999999999e+001	  8.4800000000000004e+000	  2.6500000000000000e+001	  4.2079999999999998e+001	  4.2180000000000000e+001	  1.0619999999999999e+001	  1.5980000000000000e+001	  5.2439999999999998e+001	  2.7879999999999999e+001	  1.2990000000000000e+001	  1.0970000000000001e+001	  3.5400000000000000e+000	  1.1410000000000000e+001	  3.7710000000000001e+001	  1.0060000000000000e+001	  2.2960000000000001e+001	  1.8199999999999999e+001	  1.9739999999999998e+001	  5.6240000000000002e+001	  2.1200000000000001e+000	  1.5859999999999999e+001	  2.0299999999999998e+000	  5.9039999999999999e+001	  5.6200000000000003e+001	  9.0010000000000005e+001	  6.0479999999999997e+001	  2.1780000000000001e+001	  1.3400000000000000e+001	  5.0140000000000001e+001	  2.3670000000000002e+001	  5.2000000000000002e+000	  5.0469999999999999e+001	  3.1219999999999999e+001	  3.4390000000000001e+001	  5.8570000000000000e+001	  1.2760000000000000e+001	  1.0029999999999999e+001	  1.9199999999999999e+000	  3.0499999999999998e+000	  1.6320000000000000e+001	
  7.3190200000000000e+005	  1.5119999999999999e+001	  1.5480000000000000e+001	  9.1699999999999999e+000	  5.6380000000000003e+001	  1.0279999999999999e+001	  8.3459999999999994e+001	  3.7500000000000000e+001	  1.9949999999999999e+001	  8.2300000000000004e+000	  2.6280000000000001e+001	  4.0930000000000000e+001	  4.0680000000000000e+001	  1.0050000000000001e+001	  1.5210000000000001e+001	  4.9850000000000001e+001	  2.6859999999999999e+001	  1.2650000000000000e+001	  1.0779999999999999e+001	  3.3999999999999999e+000	  1.1160000000000000e+001	  3.7219999999999999e+001	  9.7300000000000004e+000	  2.2359999999999999e+001	  1.8760000000000002e+001	  1.9449999999999999e+001	  5.5219999999999999e+001	  2.1200000000000001e+000	  1.4930000000000000e+001	  1.9399999999999999e+000	  5.8820000000000000e+001	  5.2649999999999999e+001	  8.5739999999999995e+001	  5.9020000000000003e+001	  2.0410000000000000e+001	  1.3190000000000000e+001	  4.7310000000000002e+001	  2.3800000000000001e+001	  5.0999999999999996e+000	  5.0159999999999997e+001	  2.9680000000000000e+001	  3.3869999999999997e+001	  5.4649999999999999e+001	  1.2590000000000000e+001	  9.6899999999999995e+000	  1.8999999999999999e+000	  3.0099999999999998e+000	  1.6329999999999998e+001	
  7.3190900000000000e+005	  1.5520000000000000e+001	  1.5670000000000000e+001	  9.5000000000000000e+000	  5.6719999999999999e+001	  1.0470000000000001e+001	  8.7920000000000002e+001	  3.7500000000000000e+001	  2.0629999999999999e+001	  8.3699999999999992e+000	  2.6680000000000000e+001	  4.2320000000000000e+001	  4.1369999999999997e+001	  1.0380000000000001e+001	  1.5520000000000000e+001	  5.3340000000000003e+001	  2.7320000000000000e+001	  1.3109999999999999e+001	  1.0840000000000000e+001	  3.4399999999999999e+000	  1.1520000000000000e+001	  3.8390000000000001e+001	  9.9900000000000002e+000	  2.2719999999999999e+001	  1.8899999999999999e+001	  1.9699999999999999e+001	  5.6789999999999999e+001	  2.1200000000000001e+000	  1.5220000000000001e+001	  2.0400000000000000e+000	  5.9130000000000003e+001	  5.3680000000000000e+001	  8.2129999999999995e+001	  5.8399999999999999e+001	  2.1460000000000001e+001	  1.3260000000000000e+001	  4.8219999999999999e+001	  2.4640000000000001e+001	  5.2599999999999998e+000	  5.0880000000000003e+001	  3.0210000000000001e+001	  3.4680000000000000e+001	  5.6560000000000002e+001	  1.3090000000000000e+001	  9.9499999999999993e+000	  1.9700000000000000e+000	  3.0299999999999998e+000	  1.6460000000000001e+001	
  7.3191600000000000e+005	  1.5830000000000000e+001	  1.5770000000000000e+001	  9.8699999999999992e+000	  5.7159999999999997e+001	  1.0220000000000001e+001	  8.8489999999999995e+001	  3.8850000000000001e+001	  2.0949999999999999e+001	  8.5800000000000001e+000	  2.6079999999999998e+001	  4.3710000000000001e+001	  4.0079999999999998e+001	  1.0250000000000000e+001	  1.6140000000000001e+001	  5.6960000000000001e+001	  2.9180000000000000e+001	  1.3109999999999999e+001	  1.0900000000000000e+001	  3.4100000000000001e+000	  1.1600000000000000e+001	  3.9240000000000002e+001	  1.0109999999999999e+001	  2.3079999999999998e+001	  1.8750000000000000e+001	  2.0129999999999999e+001	  5.8109999999999999e+001	  2.1200000000000001e+000	  1.5240000000000000e+001	  2.1099999999999999e+000	  5.9799999999999997e+001	  5.4390000000000001e+001	  8.0549999999999997e+001	  5.8689999999999998e+001	  2.1809999999999999e+001	  1.3350000000000000e+001	  4.9049999999999997e+001	  2.6280000000000001e+001	  5.4000000000000004e+000	  5.0380000000000003e+001	  3.0920000000000002e+001	  3.5240000000000002e+001	  5.8869999999999997e+001	  1.3800000000000001e+001	  1.0090000000000000e+001	  1.9700000000000000e+000	  3.1899999999999999e+000	  1.6219999999999999e+001	
  7.3192300000000000e+005	  1.5380000000000001e+001	  1.6020000000000000e+001	  9.6300000000000008e+000	  5.6859999999999999e+001	  1.0330000000000000e+001	  8.8620000000000005e+001	  3.8180000000000000e+001	  2.0370000000000001e+001	  8.5999999999999996e+000	  2.6079999999999998e+001	  4.3859999999999999e+001	  3.9289999999999999e+001	  1.0180000000000000e+001	  1.6039999999999999e+001	  5.8399999999999999e+001	  3.0449999999999999e+001	  1.3449999999999999e+001	  1.1270000000000000e+001	  3.4500000000000002e+000	  1.1920000000000000e+001	  3.9509999999999998e+001	  1.0000000000000000e+001	  2.3760000000000002e+001	  1.8960000000000001e+001	  2.0239999999999998e+001	  5.8280000000000001e+001	  2.1600000000000001e+000	  1.5150000000000000e+001	  2.0200000000000000e+000	  6.0600000000000001e+001	  5.2890000000000001e+001	  8.0689999999999998e+001	  5.8689999999999998e+001	  2.1350000000000001e+001	  1.3420000000000000e+001	  4.6869999999999997e+001	  2.6739999999999998e+001	  5.4100000000000001e+000	  5.0649999999999999e+001	  3.0770000000000000e+001	  3.5119999999999997e+001	  5.9079999999999998e+001	  1.3859999999999999e+001	  1.0500000000000000e+001	  1.9700000000000000e+000	  3.1299999999999999e+000	  1.6199999999999999e+001	
  7.3193000000000000e+005	  1.5570000000000000e+001	  1.6320000000000000e+001	  9.7599999999999998e+000	  5.7619999999999997e+001	  1.0520000000000000e+001	  9.5049999999999997e+001	  3.9229999999999997e+001	  2.1050000000000001e+001	  8.8499999999999996e+000	  2.6359999999999999e+001	  4.4079999999999998e+001	  3.9109999999999999e+001	  9.8499999999999996e+000	  1.6190000000000001e+001	  5.7689999999999998e+001	  3.1199999999999999e+001	  1.3260000000000000e+001	  1.1940000000000000e+001	  3.5200000000000000e+000	  1.2310000000000000e+001	  4.0090000000000003e+001	  1.0100000000000000e+001	  2.4199999999999999e+001	  2.0190000000000001e+001	  2.0120000000000001e+001	  5.9340000000000003e+001	  2.2400000000000002e+000	  1.5220000000000001e+001	  2.0699999999999998e+000	  6.1670000000000002e+001	  5.3409999999999997e+001	  8.2569999999999993e+001	  6.0100000000000001e+001	  2.0829999999999998e+001	  1.3900000000000000e+001	  4.7270000000000003e+001	  2.7930000000000000e+001	  5.4800000000000004e+000	  5.2359999999999999e+001	  3.0870000000000001e+001	  3.5310000000000002e+001	  5.8789999999999999e+001	  1.4260000000000000e+001	  1.0740000000000000e+001	  1.9500000000000000e+000	  3.1499999999999999e+000	  1.6500000000000000e+001	
  7.3193700000000000e+005	  1.5600000000000000e+001	  1.6100000000000001e+001	  9.7599999999999998e+000	  5.8420000000000002e+001	  1.0660000000000000e+001	  9.3359999999999999e+001	  3.9350000000000001e+001	  2.1050000000000001e+001	  9.0000000000000000e+000	  2.6320000000000000e+001	  4.4210000000000001e+001	  3.8880000000000003e+001	  9.7699999999999996e+000	  1.6320000000000000e+001	  5.8259999999999998e+001	  3.1739999999999998e+001	  1.3470000000000001e+001	  1.2130000000000001e+001	  3.4900000000000002e+000	  1.2100000000000000e+001	  4.1020000000000003e+001	  1.0020000000000000e+001	  2.4199999999999999e+001	  2.0000000000000000e+001	  1.9789999999999999e+001	  5.8659999999999997e+001	  2.2799999999999998e+000	  1.5240000000000000e+001	  2.0600000000000001e+000	  6.2070000000000000e+001	  5.2990000000000002e+001	  8.2310000000000002e+001	  6.1000000000000000e+001	  2.0820000000000000e+001	  1.3930000000000000e+001	  4.7310000000000002e+001	  2.8719999999999999e+001	  5.5800000000000001e+000	  5.2950000000000003e+001	  3.0920000000000002e+001	  3.5689999999999998e+001	  5.8000000000000000e+001	  1.4340000000000000e+001	  1.0789999999999999e+001	  1.9649999999999999e+000	  3.1000000000000001e+000	  1.6500000000000000e+001	
  7.3194400000000000e+005	  1.5960000000000001e+001	  1.6449999999999999e+001	  1.0150000000000000e+001	  5.9520000000000003e+001	  1.0850000000000000e+001	  9.4659999999999997e+001	  4.0670000000000002e+001	  2.1730000000000000e+001	  9.3399999999999999e+000	  2.6660000000000000e+001	  4.5159999999999997e+001	  4.0340000000000003e+001	  1.0010000000000000e+001	  1.6770000000000000e+001	  6.0990000000000002e+001	  3.2020000000000003e+001	  1.4160000000000000e+001	  1.2310000000000000e+001	  3.5200000000000000e+000	  1.2480000000000000e+001	  4.2149999999999999e+001	  1.0500000000000000e+001	  2.5079999999999998e+001	  2.0210000000000001e+001	  2.0129999999999999e+001	  6.0320000000000000e+001	  2.4399999999999999e+000	  1.5970000000000001e+001	  2.0400000000000000e+000	  6.3979999999999997e+001	  5.4439999999999998e+001	  8.5390000000000001e+001	  6.2270000000000003e+001	  2.1750000000000000e+001	  1.4279999999999999e+001	  4.8219999999999999e+001	  2.8600000000000001e+001	  5.8099999999999996e+000	  5.4390000000000001e+001	  3.1890000000000001e+001	  3.6399999999999999e+001	  5.9479999999999997e+001	  1.4640000000000001e+001	  1.1050000000000001e+001	  1.9800000000000000e+000	  3.1499999999999999e+000	  1.6750000000000000e+001	
  7.3195100000000000e+005	  1.5699999999999999e+001	  1.6760000000000002e+001	  1.0310000000000000e+001	  5.8219999999999999e+001	  1.1190000000000000e+001	  9.2829999999999998e+001	  4.0630000000000003e+001	  2.2239999999999998e+001	  9.3900000000000006e+000	  2.6879999999999999e+001	  4.5700000000000003e+001	  3.8280000000000001e+001	  1.1710000000000001e+001	  1.7539999999999999e+001	  5.8969999999999999e+001	  3.1149999999999999e+001	  1.4529999999999999e+001	  1.1980000000000000e+001	  3.5600000000000001e+000	  1.1940000000000000e+001	  4.0329999999999998e+001	  1.0880000000000001e+001	  2.3800000000000001e+001	  2.0180000000000000e+001	  2.0120000000000001e+001	  6.1890000000000001e+001	  2.3999999999999999e+000	  1.6199999999999999e+001	  2.0400000000000000e+000	  6.1000000000000000e+001	  5.5380000000000003e+001	  8.2049999999999997e+001	  6.0859999999999999e+001	  2.2199999999999999e+001	  1.4100000000000000e+001	  4.7140000000000001e+001	  2.7410000000000000e+001	  5.8099999999999996e+000	  5.1640000000000001e+001	  3.2890000000000001e+001	  3.6090000000000003e+001	  6.2780000000000001e+001	  1.4380000000000001e+001	  1.1510000000000000e+001	  2.0699999999999998e+000	  3.0899999999999999e+000	  1.7609999999999999e+001	
  7.3195800000000000e+005	  1.6359999999999999e+001	  1.6809999999999999e+001	  1.1080000000000000e+001	  5.8299999999999997e+001	  1.1550000000000001e+001	  1.0172000000000000e+002	  4.1100000000000001e+001	  2.2730000000000000e+001	  9.3900000000000006e+000	  2.7199999999999999e+001	  4.5700000000000003e+001	  3.8930000000000000e+001	  1.3090000000000000e+001	  1.8390000000000001e+001	  5.9299999999999997e+001	  3.3399999999999999e+001	  1.4670000000000000e+001	  1.1960000000000001e+001	  3.6499999999999999e+000	  1.2020000000000000e+001	  4.0469999999999999e+001	  1.1660000000000000e+001	  2.4359999999999999e+001	  2.0430000000000000e+001	  2.1010000000000002e+001	  6.3079999999999998e+001	  2.4399999999999999e+000	  1.7410000000000000e+001	  2.0299999999999998e+000	  6.1399999999999999e+001	  5.7299999999999997e+001	  8.4510000000000005e+001	  6.2789999999999999e+001	  2.3300000000000001e+001	  1.4100000000000000e+001	  4.7740000000000002e+001	  2.8079999999999998e+001	  6.3700000000000001e+000	  5.3670000000000002e+001	  3.1510000000000002e+001	  3.6840000000000003e+001	  6.3399999999999999e+001	  1.4440000000000000e+001	  1.1609999999999999e+001	  2.1000000000000001e+000	  3.1000000000000001e+000	  1.8090000000000000e+001	
  7.3196500000000000e+005	  1.6550000000000001e+001	  1.7100000000000001e+001	  1.0750000000000000e+001	  5.6680000000000000e+001	  1.1580000000000000e+001	  1.0409000000000000e+002	  4.0740000000000002e+001	  2.2410000000000000e+001	  9.4000000000000004e+000	  2.8120000000000001e+001	  4.6509999999999998e+001	  3.8969999999999999e+001	  1.2529999999999999e+001	  1.8420000000000002e+001	  5.8899999999999999e+001	  3.3340000000000003e+001	  1.5520000000000000e+001	  1.2310000000000000e+001	  3.7400000000000002e+000	  1.2279999999999999e+001	  4.2350000000000001e+001	  1.1520000000000000e+001	  2.4440000000000001e+001	  2.1340000000000000e+001	  2.0989999999999998e+001	  6.3380000000000003e+001	  2.4800000000000000e+000	  1.7890000000000001e+001	  2.0400000000000000e+000	  5.9979999999999997e+001	  5.7399999999999999e+001	  8.4219999999999999e+001	  6.2789999999999999e+001	  2.2420000000000002e+001	  1.4890000000000001e+001	  4.8609999999999999e+001	  3.0559999999999999e+001	  6.3899999999999997e+000	  5.2000000000000000e+001	  3.1250000000000000e+001	  3.6920000000000002e+001	  6.2560000000000002e+001	  1.4680000000000000e+001	  1.2050000000000001e+001	  2.0600000000000001e+000	  3.1800000000000002e+000	  1.8219999999999999e+001	
  7.3197200000000000e+005	  1.6300000000000001e+001	  1.6899999999999999e+001	  1.0390000000000001e+001	  5.7020000000000003e+001	  1.1480000000000000e+001	  9.6409999999999997e+001	  4.0350000000000001e+001	  2.2309999999999999e+001	  9.0299999999999994e+000	  2.7899999999999999e+001	  4.5020000000000003e+001	  3.6920000000000002e+001	  1.2660000000000000e+001	  1.7570000000000000e+001	  5.7689999999999998e+001	  3.2880000000000003e+001	  1.5150000000000000e+001	  1.2109999999999999e+001	  3.7400000000000002e+000	  1.2109999999999999e+001	  4.1759999999999998e+001	  1.1449999999999999e+001	  2.3840000000000000e+001	  2.0930000000000000e+001	  2.0620000000000001e+001	  6.0530000000000001e+001	  2.4399999999999999e+000	  1.7079999999999998e+001	  2.0400000000000000e+000	  5.8509999999999998e+001	  5.4299999999999997e+001	  8.2549999999999997e+001	  6.0049999999999997e+001	  2.1940000000000001e+001	  1.4840000000000000e+001	  4.7000000000000000e+001	  2.9690000000000001e+001	  6.2199999999999998e+000	  5.1509999999999998e+001	  3.1199999999999999e+001	  3.8020000000000003e+001	  6.1390000000000001e+001	  1.5180000000000000e+001	  1.1529999999999999e+001	  2.0099999999999998e+000	  3.1499999999999999e+000	  1.8180000000000000e+001	
  7.3197900000000000e+005	  1.5770000000000000e+001	  1.7300000000000001e+001	  1.0190000000000000e+001	  5.6859999999999999e+001	  1.1279999999999999e+001	  9.6590000000000003e+001	  3.9079999999999998e+001	  2.1289999999999999e+001	  8.8000000000000007e+000	  2.8300000000000001e+001	  4.4930000000000000e+001	  3.7359999999999999e+001	  1.1539999999999999e+001	  1.7359999999999999e+001	  6.1170000000000002e+001	  3.1469999999999999e+001	  1.4850000000000000e+001	  1.2190000000000000e+001	  3.8199999999999998e+000	  1.2150000000000000e+001	  4.3310000000000002e+001	  1.1710000000000001e+001	  2.3760000000000002e+001	  1.9800000000000001e+001	  2.0449999999999999e+001	  6.1979999999999997e+001	  2.5200000000000000e+000	  1.7329999999999998e+001	  1.9399999999999999e+000	  5.9750000000000000e+001	  5.3460000000000001e+001	  7.9459999999999994e+001	  6.1850000000000001e+001	  2.2379999999999999e+001	  1.5050000000000001e+001	  4.5869999999999997e+001	  3.1050000000000001e+001	  6.2699999999999996e+000	  5.2270000000000003e+001	  3.1340000000000000e+001	  3.8189999999999998e+001	  6.0930000000000000e+001	  1.5350000000000000e+001	  1.1949999999999999e+001	  2.0099999999999998e+000	  3.0699999999999998e+000	  1.7730000000000000e+001	
  7.3198600000000000e+005	  1.5880000000000001e+001	  1.7730000000000000e+001	  1.0350000000000000e+001	  5.8119999999999997e+001	  1.1020000000000000e+001	  9.6290000000000006e+001	  3.8140000000000001e+001	  2.1460000000000001e+001	  9.2200000000000006e+000	  2.7780000000000001e+001	  4.6189999999999998e+001	  3.7359999999999999e+001	  1.1850000000000000e+001	  1.7620000000000001e+001	  6.1520000000000003e+001	  3.1480000000000000e+001	  1.4850000000000000e+001	  1.2539999999999999e+001	  3.8999999999999999e+000	  1.2050000000000001e+001	  4.2770000000000003e+001	  1.1670000000000000e+001	  2.3680000000000000e+001	  1.9820000000000000e+001	  2.0480000000000000e+001	  6.1680000000000000e+001	  2.5600000000000001e+000	  1.7620000000000001e+001	  1.9900000000000000e+000	  5.8460000000000001e+001	  5.5609999999999999e+001	  7.8400000000000006e+001	  6.1609999999999999e+001	  2.3030000000000001e+001	  1.5289999999999999e+001	  4.6869999999999997e+001	  3.0430000000000000e+001	  6.3200000000000003e+000	  4.9840000000000003e+001	  3.2090000000000003e+001	  3.9409999999999997e+001	  6.2820000000000000e+001	  1.5770000000000000e+001	  1.2070000000000000e+001	  2.0800000000000001e+000	  3.0000000000000000e+000	  1.8270000000000000e+001	
  7.3199300000000000e+005	  1.5980000000000000e+001	  1.7629999999999999e+001	  1.0449999999999999e+001	  5.8640000000000001e+001	  1.1130000000000001e+001	  9.8120000000000005e+001	  3.8100000000000001e+001	  2.0890000000000001e+001	  9.3000000000000007e+000	  2.8460000000000001e+001	  4.6549999999999997e+001	  3.9630000000000003e+001	  1.1990000000000000e+001	  1.8050000000000001e+001	  6.4939999999999998e+001	  3.0949999999999999e+001	  1.5480000000000000e+001	  1.2760000000000000e+001	  3.9500000000000002e+000	  1.2369999999999999e+001	  4.2600000000000001e+001	  1.1960000000000001e+001	  2.4640000000000001e+001	  2.0020000000000000e+001	  2.0800000000000001e+001	  6.1640000000000001e+001	  2.6000000000000001e+000	  1.7379999999999999e+001	  1.9399999999999999e+000	  6.0149999999999999e+001	  5.7439999999999998e+001	  8.1409999999999997e+001	  6.4250000000000000e+001	  2.3070000000000000e+001	  1.5260000000000000e+001	  4.8609999999999999e+001	  3.0500000000000000e+001	  6.3099999999999996e+000	  5.0250000000000000e+001	  3.1340000000000000e+001	  4.0070000000000000e+001	  6.1149999999999999e+001	  1.6120000000000001e+001	  1.2109999999999999e+001	  2.1200000000000001e+000	  3.0099999999999998e+000	  1.9550000000000001e+001	
  7.3200000000000000e+005	  1.5720000000000001e+001	  1.7820000000000000e+001	  1.0160000000000000e+001	  6.0359999999999999e+001	  1.0359999999999999e+001	  9.3890000000000001e+001	  3.8899999999999999e+001	  2.0859999999999999e+001	  9.3599999999999994e+000	  2.8780000000000001e+001	  4.5789999999999999e+001	  4.0079999999999998e+001	  1.2410000000000000e+001	  1.7890000000000001e+001	  6.3280000000000001e+001	  3.1070000000000000e+001	  1.4880000000000001e+001	  1.2680000000000000e+001	  4.0199999999999996e+000	  1.2779999999999999e+001	  4.4149999999999999e+001	  1.1920000000000000e+001	  2.4760000000000002e+001	  1.9489999999999998e+001	  2.0559999999999999e+001	  6.0740000000000002e+001	  2.6400000000000001e+000	  1.6770000000000000e+001	  1.9399999999999999e+000	  6.1670000000000002e+001	  5.7680000000000000e+001	  8.1280000000000001e+001	  6.2409999999999997e+001	  2.2140000000000001e+001	  1.5020000000000000e+001	  4.8829999999999998e+001	  3.2549999999999997e+001	  6.3300000000000001e+000	  4.9530000000000001e+001	  2.9920000000000002e+001	  3.9259999999999998e+001	  5.8619999999999997e+001	  1.6190000000000001e+001	  1.2039999999999999e+001	  2.0600000000000001e+000	  3.0699999999999998e+000	  1.9809999999999999e+001	
  7.3200700000000000e+005	  1.5690000000000000e+001	  1.7210000000000001e+001	  1.0180000000000000e+001	  6.1180000000000000e+001	  1.0609999999999999e+001	  9.3829999999999998e+001	  3.9450000000000003e+001	  2.1489999999999998e+001	  9.4600000000000009e+000	  2.8440000000000001e+001	  4.5649999999999999e+001	  4.0210000000000001e+001	  1.3680000000000000e+001	  1.8090000000000000e+001	  6.8769999999999996e+001	  3.1329999999999998e+001	  1.5140000000000001e+001	  1.2859999999999999e+001	  4.1100000000000003e+000	  1.3050000000000001e+001	  4.4700000000000003e+001	  1.2320000000000000e+001	  2.5199999999999999e+001	  1.9590000000000000e+001	  2.0969999999999999e+001	  6.1930000000000000e+001	  2.6400000000000001e+000	  1.6870000000000001e+001	  1.9199999999999999e+000	  6.2469999999999999e+001	  5.7719999999999999e+001	  8.2750000000000000e+001	  6.2130000000000003e+001	  2.2629999999999999e+001	  1.5390000000000001e+001	  5.0350000000000001e+001	  3.4259999999999998e+001	  6.3499999999999996e+000	  4.9799999999999997e+001	  3.0940000000000001e+001	  4.0420000000000002e+001	  6.0320000000000000e+001	  1.5710000000000001e+001	  1.2190000000000000e+001	  2.1000000000000001e+000	  3.0899999999999999e+000	  1.9680000000000000e+001	
  7.3201400000000000e+005	  1.5500000000000000e+001	  1.8510000000000002e+001	  9.4900000000000002e+000	  5.9520000000000003e+001	  1.0570000000000000e+001	  8.8730000000000004e+001	  3.8189999999999998e+001	  1.9859999999999999e+001	  9.0700000000000003e+000	  2.7680000000000000e+001	  4.4159999999999997e+001	  3.8079999999999998e+001	  1.2490000000000000e+001	  1.6899999999999999e+001	  6.3969999999999999e+001	  2.9739999999999998e+001	  1.4320000000000000e+001	  1.2470000000000001e+001	  3.9900000000000002e+000	  1.3000000000000000e+001	  4.3070000000000000e+001	  1.1640000000000001e+001	  2.4920000000000002e+001	  1.8870000000000001e+001	  2.0039999999999999e+001	  5.9170000000000002e+001	  2.5600000000000001e+000	  1.5970000000000001e+001	  1.8799999999999999e+000	  5.8729999999999997e+001	  5.5049999999999997e+001	  7.9159999999999997e+001	  6.0670000000000002e+001	  2.0960000000000001e+001	  1.5020000000000000e+001	  4.8740000000000002e+001	  3.2920000000000002e+001	  6.0400000000000000e+000	  5.1420000000000002e+001	  2.9219999999999999e+001	  3.7640000000000001e+001	  5.7359999999999999e+001	  1.4970000000000001e+001	  1.1609999999999999e+001	  2.0200000000000000e+000	  3.0899999999999999e+000	  1.9039999999999999e+001	
  7.3202100000000000e+005	  1.5500000000000000e+001	  1.8270000000000000e+001	  8.8599999999999994e+000	  5.8680000000000000e+001	  1.0670000000000000e+001	  8.2510000000000005e+001	  3.7280000000000001e+001	  1.8289999999999999e+001	  8.9100000000000001e+000	  2.7539999999999999e+001	  4.4189999999999998e+001	  3.7549999999999997e+001	  1.2080000000000000e+001	  1.6270000000000000e+001	  6.2180000000000000e+001	  2.9140000000000001e+001	  1.3910000000000000e+001	  1.1400000000000000e+001	  3.9700000000000002e+000	  1.3250000000000000e+001	  4.2149999999999999e+001	  1.1289999999999999e+001	  2.5239999999999998e+001	  1.8480000000000000e+001	  1.9969999999999999e+001	  5.8920000000000002e+001	  2.6000000000000001e+000	  1.5080000000000000e+001	  1.7700000000000000e+000	  5.7350000000000001e+001	  5.4109999999999999e+001	  7.8989999999999995e+001	  5.8640000000000001e+001	  2.0719999999999999e+001	  1.5150000000000000e+001	  4.7960000000000001e+001	  3.2859999999999999e+001	  5.9199999999999999e+000	  5.0430000000000000e+001	  2.9399999999999999e+001	  3.7140000000000001e+001	  5.5829999999999998e+001	  1.4520000000000000e+001	  1.1410000000000000e+001	  1.9700000000000000e+000	  2.8500000000000001e+000	  1.8000000000000000e+001	
  7.3202800000000000e+005	  1.5340000000000000e+001	  1.8059999999999999e+001	  8.9100000000000001e+000	  5.8340000000000003e+001	  1.0470000000000001e+001	  8.4329999999999998e+001	  3.7399999999999999e+001	  1.8449999999999999e+001	  9.0999999999999996e+000	  2.7500000000000000e+001	  4.4329999999999998e+001	  3.6990000000000002e+001	  1.2080000000000000e+001	  1.6640000000000001e+001	  6.1380000000000003e+001	  2.9410000000000000e+001	  1.3910000000000000e+001	  1.1810000000000000e+001	  4.0700000000000003e+000	  1.3000000000000000e+001	  4.2520000000000003e+001	  1.1070000000000000e+001	  2.4879999999999999e+001	  1.8190000000000001e+001	  1.9690000000000001e+001	  5.7979999999999997e+001	  2.6000000000000001e+000	  1.5080000000000000e+001	  1.7900000000000000e+000	  5.8689999999999998e+001	  5.4250000000000000e+001	  7.8819999999999993e+001	  5.8119999999999997e+001	  2.1239999999999998e+001	  1.5070000000000000e+001	  4.8310000000000002e+001	  3.2789999999999999e+001	  6.0199999999999996e+000	  4.8350000000000001e+001	  2.9190000000000001e+001	  3.8130000000000003e+001	  5.6250000000000000e+001	  1.4840000000000000e+001	  1.1380000000000001e+001	  2.0299999999999998e+000	  2.8399999999999999e+000	  1.8300000000000001e+001	
  7.3203500000000000e+005	  1.5630000000000001e+001	  1.8160000000000000e+001	  9.6099999999999994e+000	  6.1039999999999999e+001	  1.1000000000000000e+001	  8.7900000000000006e+001	  3.9380000000000003e+001	  1.8899999999999999e+001	  9.4299999999999997e+000	  2.7879999999999999e+001	  4.6820000000000000e+001	  3.7710000000000001e+001	  1.3080000000000000e+001	  1.7559999999999999e+001	  6.4879999999999995e+001	  3.0420000000000002e+001	  1.4119999999999999e+001	  1.2270000000000000e+001	  4.3099999999999996e+000	  1.3570000000000000e+001	  4.4820000000000000e+001	  1.1670000000000000e+001	  2.5680000000000000e+001	  1.9180000000000000e+001	  2.0090000000000000e+001	  6.1810000000000002e+001	  2.7200000000000002e+000	  1.6140000000000001e+001	  1.8300000000000001e+000	  6.1270000000000003e+001	  5.6600000000000001e+001	  8.1409999999999997e+001	  6.0530000000000001e+001	  2.2809999999999999e+001	  1.5350000000000000e+001	  5.0829999999999998e+001	  3.4840000000000003e+001	  6.3300000000000001e+000	  4.8979999999999997e+001	  3.1590000000000000e+001	  3.9450000000000003e+001	  5.9039999999999999e+001	  1.5400000000000000e+001	  1.1770000000000000e+001	  2.1099999999999999e+000	  2.9199999999999999e+000	  1.9379999999999999e+001	
  7.3204200000000000e+005	  1.5740000000000000e+001	  1.8699999999999999e+001	  9.5099999999999998e+000	  6.1560000000000002e+001	  1.0970000000000001e+001	  8.6430000000000007e+001	  3.9280000000000001e+001	  1.9280000000000001e+001	  9.6099999999999994e+000	  2.7879999999999999e+001	  4.7229999999999997e+001	  3.5969999999999999e+001	  1.3330000000000000e+001	  1.7480000000000000e+001	  6.5790000000000006e+001	  3.0539999999999999e+001	  1.3840000000000000e+001	  1.2320000000000000e+001	  4.3200000000000003e+000	  1.3609999999999999e+001	  4.4729999999999997e+001	  1.1690000000000000e+001	  2.6199999999999999e+001	  1.8629999999999999e+001	  2.0420000000000002e+001	  6.2490000000000002e+001	  2.7200000000000002e+000	  1.5810000000000000e+001	  1.8700000000000001e+000	  6.1039999999999999e+001	  5.6649999999999999e+001	  8.0590000000000003e+001	  6.0240000000000002e+001	  2.2920000000000002e+001	  1.6270000000000000e+001	  5.2350000000000001e+001	  3.5200000000000003e+001	  6.5000000000000000e+000	  4.8619999999999997e+001	  3.2180000000000000e+001	  3.9170000000000002e+001	  5.9090000000000003e+001	  1.5400000000000000e+001	  1.1890000000000001e+001	  2.1349999999999998e+000	  2.8900000000000001e+000	  1.8960000000000001e+001	
  7.3204900000000000e+005	  1.5470000000000001e+001	  1.7820000000000000e+001	  9.6300000000000008e+000	  6.2280000000000001e+001	  1.0810000000000000e+001	  8.6609999999999999e+001	  4.0000000000000000e+001	  1.9859999999999999e+001	  9.6199999999999992e+000	  2.8660000000000000e+001	  4.6369999999999997e+001	  3.6030000000000001e+001	  1.2609999999999999e+001	  1.7620000000000001e+001	  6.5230000000000004e+001	  3.0340000000000000e+001	  1.3900000000000000e+001	  1.2510000000000000e+001	  4.4299999999999997e+000	  1.4100000000000000e+001	  4.6789999999999999e+001	  1.1910000000000000e+001	  2.7440000000000001e+001	  1.8120000000000001e+001	  2.0920000000000002e+001	  6.1759999999999998e+001	  2.7200000000000002e+000	  1.6090000000000000e+001	  1.8400000000000001e+000	  6.1000000000000000e+001	  5.6829999999999998e+001	  8.1590000000000003e+001	  6.1189999999999998e+001	  2.1949999999999999e+001	  1.6600000000000001e+001	  5.1479999999999997e+001	  3.6780000000000001e+001	  6.4100000000000001e+000	  4.8619999999999997e+001	  3.1030000000000001e+001	  3.9049999999999997e+001	  5.8799999999999997e+001	  1.5900000000000000e+001	  1.1890000000000001e+001	  2.1600000000000001e+000	  2.9199999999999999e+000	  1.8609999999999999e+001	
  7.3205600000000000e+005	  1.5720000000000001e+001	  1.8289999999999999e+001	  1.0020000000000000e+001	  6.3079999999999998e+001	  1.1109999999999999e+001	  8.6620000000000005e+001	  4.0490000000000002e+001	  2.0100000000000001e+001	  9.5999999999999996e+000	  2.9480000000000000e+001	  4.6960000000000001e+001	  3.6340000000000003e+001	  1.2710000000000001e+001	  1.7840000000000000e+001	  6.5670000000000002e+001	  3.4250000000000000e+001	  1.3630000000000001e+001	  1.2510000000000000e+001	  4.3700000000000001e+000	  1.4039999999999999e+001	  4.6850000000000001e+001	  1.1980000000000000e+001	  2.7000000000000000e+001	  1.8300000000000001e+001	  2.1079999999999998e+001	  6.2530000000000001e+001	  2.7200000000000002e+000	  1.6289999999999999e+001	  1.8300000000000001e+000	  6.3140000000000001e+001	  5.7020000000000003e+001	  8.0890000000000001e+001	  6.1469999999999999e+001	  2.2629999999999999e+001	  1.6300000000000001e+001	  5.6789999999999999e+001	  3.5100000000000001e+001	  6.3499999999999996e+000	  5.0380000000000003e+001	  3.0809999999999999e+001	  4.0579999999999998e+001	  6.1450000000000003e+001	  1.5590000000000000e+001	  1.1820000000000000e+001	  2.1699999999999999e+000	  2.8399999999999999e+000	  1.9140000000000001e+001	
  7.3206300000000000e+005	  1.5340000000000000e+001	  1.7719999999999999e+001	  9.4800000000000004e+000	  6.1859999999999999e+001	  1.0500000000000000e+001	  8.2890000000000001e+001	  4.0409999999999997e+001	  2.0800000000000001e+001	  9.4499999999999993e+000	  2.8680000000000000e+001	  4.5109999999999999e+001	  3.6299999999999997e+001	  1.1850000000000000e+001	  1.7010000000000002e+001	  6.3049999999999997e+001	  3.3560000000000002e+001	  1.3630000000000001e+001	  1.2310000000000000e+001	  4.2900000000000000e+000	  1.3740000000000000e+001	  4.6490000000000002e+001	  1.1640000000000001e+001	  2.6000000000000000e+001	  1.7699999999999999e+001	  2.0789999999999999e+001	  5.9090000000000003e+001	  2.6000000000000001e+000	  1.5640000000000001e+001	  1.8300000000000001e+000	  6.1840000000000003e+001	  5.5149999999999999e+001	  7.8129999999999995e+001	  5.9350000000000001e+001	  2.0899999999999999e+001	  1.6000000000000000e+001	  5.4140000000000001e+001	  3.4240000000000002e+001	  6.1299999999999999e+000	  4.7719999999999999e+001	  2.9800000000000001e+001	  3.9140000000000001e+001	  5.6920000000000002e+001	  1.5150000000000000e+001	  1.1430000000000000e+001	  2.1800000000000002e+000	  2.8100000000000001e+000	  1.8039999999999999e+001	
  7.3207000000000000e+005	  1.5029999999999999e+001	  1.7539999999999999e+001	  9.2899999999999991e+000	  6.1460000000000001e+001	  1.0740000000000000e+001	  8.2819999999999993e+001	  3.8829999999999998e+001	  2.0410000000000000e+001	  9.3300000000000001e+000	  2.8980000000000000e+001	  4.4289999999999999e+001	  3.5820000000000000e+001	  1.1869999999999999e+001	  1.6530000000000001e+001	  6.0950000000000003e+001	  3.2430000000000000e+001	  1.2949999999999999e+001	  1.2140000000000001e+001	  4.3099999999999996e+000	  1.3779999999999999e+001	  4.5969999999999999e+001	  1.1250000000000000e+001	  2.6640000000000001e+001	  1.7160000000000000e+001	  2.0329999999999998e+001	  5.7680000000000000e+001	  2.6400000000000001e+000	  1.5170000000000000e+001	  1.8000000000000000e+000	  6.1219999999999999e+001	  5.4299999999999997e+001	  7.5750000000000000e+001	  6.0009999999999998e+001	  2.0989999999999998e+001	  1.5800000000000001e+001	  5.2789999999999999e+001	  3.3920000000000002e+001	  5.9800000000000004e+000	  4.8310000000000002e+001	  3.0359999999999999e+001	  3.7500000000000000e+001	  5.5719999999999999e+001	  1.4350000000000000e+001	  1.1320000000000000e+001	  2.1000000000000001e+000	  2.8100000000000001e+000	  1.7590000000000000e+001	
  7.3207700000000000e+005	  1.4560000000000000e+001	  1.6920000000000002e+001	  8.4199999999999999e+000	  6.2240000000000002e+001	  1.0470000000000001e+001	  7.7980000000000004e+001	  3.8859999999999999e+001	  2.0350000000000001e+001	  9.1099999999999994e+000	  3.0840000000000000e+001	  4.4000000000000000e+001	  3.5350000000000001e+001	  1.0910000000000000e+001	  1.5859999999999999e+001	  5.9500000000000000e+001	  3.1969999999999999e+001	  1.2440000000000000e+001	  1.1800000000000001e+001	  4.3099999999999996e+000	  1.3490000000000000e+001	  4.6219999999999999e+001	  1.1090000000000000e+001	  2.6800000000000001e+001	  1.6530000000000001e+001	  1.9879999999999999e+001	  5.8579999999999998e+001	  2.6800000000000002e+000	  1.5330000000000000e+001	  1.9199999999999999e+000	  6.0549999999999997e+001	  5.2850000000000001e+001	  7.2659999999999997e+001	  6.0740000000000002e+001	  1.9879999999999999e+001	  1.5350000000000000e+001	  5.1090000000000003e+001	  3.3729999999999997e+001	  5.8300000000000001e+000	  4.8130000000000003e+001	  3.0420000000000002e+001	  3.6590000000000003e+001	  5.2939999999999998e+001	  1.4430000000000000e+001	  1.0529999999999999e+001	  2.0499999999999998e+000	  2.8100000000000001e+000	  1.6949999999999999e+001	
  7.3208400000000000e+005	  1.4760000000000000e+001	  1.7460000000000001e+001	  8.1699999999999999e+000	  6.0619999999999997e+001	  1.0320000000000000e+001	  7.9920000000000002e+001	  3.8850000000000001e+001	  2.0850000000000001e+001	  9.1099999999999994e+000	  3.0539999999999999e+001	  4.4780000000000001e+001	  3.5469999999999999e+001	  1.0910000000000000e+001	  1.5970000000000001e+001	  6.0810000000000002e+001	  3.1410000000000000e+001	  1.2600000000000000e+001	  1.1770000000000000e+001	  4.5199999999999996e+000	  1.3260000000000000e+001	  4.5930000000000000e+001	  1.1410000000000000e+001	  2.6280000000000001e+001	  1.6760000000000002e+001	  1.9969999999999999e+001	  6.0430000000000000e+001	  2.6000000000000001e+000	  1.5740000000000000e+001	  1.9700000000000000e+000	  6.1530000000000001e+001	  5.4630000000000003e+001	  7.1890000000000001e+001	  6.0500000000000000e+001	  2.0160000000000000e+001	  1.5260000000000000e+001	  5.1270000000000003e+001	  3.3500000000000000e+001	  5.8899999999999997e+000	  4.7539999999999999e+001	  3.0449999999999999e+001	  3.7079999999999998e+001	  5.3939999999999998e+001	  1.4240000000000000e+001	  1.0740000000000000e+001	  2.0800000000000001e+000	  2.8399999999999999e+000	  1.7239999999999998e+001	
  7.3209100000000000e+005	  1.5170000000000000e+001	  1.7809999999999999e+001	  8.5899999999999999e+000	  6.0799999999999997e+001	  1.0130000000000001e+001	  8.1319999999999993e+001	  3.9299999999999997e+001	  2.1850000000000001e+001	  9.3000000000000007e+000	  3.1180000000000000e+001	  4.5020000000000003e+001	  3.7500000000000000e+001	  1.1220000000000001e+001	  1.6260000000000002e+001	  5.8850000000000001e+001	  3.2770000000000003e+001	  1.3000000000000000e+001	  1.2160000000000000e+001	  4.5800000000000001e+000	  1.3520000000000000e+001	  4.7710000000000001e+001	  1.1720000000000001e+001	  2.9440000000000001e+001	  1.7309999999999999e+001	  2.0390000000000001e+001	  6.1229999999999997e+001	  2.6000000000000001e+000	  1.6170000000000002e+001	  2.2400000000000002e+000	  6.2909999999999997e+001	  5.5479999999999997e+001	  7.3840000000000003e+001	  6.0640000000000001e+001	  2.0460000000000001e+001	  1.5800000000000001e+001	  5.3049999999999997e+001	  3.3759999999999998e+001	  5.9900000000000002e+000	  4.8710000000000001e+001	  3.1960000000000001e+001	  3.8329999999999998e+001	  5.4450000000000003e+001	  1.4420000000000000e+001	  1.0940000000000000e+001	  2.2700000000000000e+000	  2.8999999999999999e+000	  1.7940000000000001e+001	
  7.3209800000000000e+005	  1.5090000000000000e+001	  1.8449999999999999e+001	  8.7300000000000004e+000	  6.1560000000000002e+001	  1.0650000000000000e+001	  8.0859999999999999e+001	  4.0070000000000000e+001	  2.2210000000000001e+001	  9.4199999999999999e+000	  3.1739999999999998e+001	  4.6369999999999997e+001	  3.7759999999999998e+001	  1.0970000000000001e+001	  1.6699999999999999e+001	  6.1719999999999999e+001	  3.3600000000000001e+001	  1.3270000000000000e+001	  1.2350000000000000e+001	  4.5599999999999996e+000	  1.3690000000000000e+001	  4.8090000000000003e+001	  1.2000000000000000e+001	  3.0039999999999999e+001	  1.7430000000000000e+001	  2.0320000000000000e+001	  6.2990000000000002e+001	  2.6400000000000001e+000	  1.6480000000000000e+001	  2.2900000000000000e+000	  6.2729999999999997e+001	  5.5380000000000003e+001	  7.6260000000000005e+001	  6.0979999999999997e+001	  2.0260000000000002e+001	  1.5720000000000001e+001	  5.3090000000000003e+001	  3.4289999999999999e+001	  6.0400000000000000e+000	  4.8530000000000001e+001	  3.1359999999999999e+001	  3.8780000000000001e+001	  5.5140000000000001e+001	  1.4520000000000000e+001	  1.1010000000000000e+001	  2.3199999999999998e+000	  2.8999999999999999e+000	  1.8730000000000000e+001	
  7.3210500000000000e+005	  1.5289999999999999e+001	  1.8460000000000001e+001	  8.6999999999999993e+000	  6.2020000000000003e+001	  1.0690000000000000e+001	  8.2879999999999995e+001	  3.9899999999999999e+001	  2.1760000000000002e+001	  9.4800000000000004e+000	  3.1719999999999999e+001	  4.5609999999999999e+001	  3.7399999999999999e+001	  1.0740000000000000e+001	  1.6780000000000001e+001	  6.2920000000000002e+001	  3.4329999999999998e+001	  1.3580000000000000e+001	  1.2560000000000000e+001	  4.7199999999999998e+000	  1.3990000000000000e+001	  4.8820000000000000e+001	  1.2010000000000000e+001	  3.0239999999999998e+001	  1.7870000000000001e+001	  2.0829999999999998e+001	  6.2899999999999999e+001	  2.6400000000000001e+000	  1.6629999999999999e+001	  2.3199999999999998e+000	  6.2649999999999999e+001	  5.5430000000000000e+001	  7.7450000000000003e+001	  6.0979999999999997e+001	  2.0370000000000001e+001	  1.6050000000000001e+001	  5.3659999999999997e+001	  3.4969999999999999e+001	  7.2900000000000000e+000	  4.8670000000000002e+001	  3.2280000000000001e+001	  3.8640000000000001e+001	  5.6020000000000003e+001	  1.4539999999999999e+001	  1.1090000000000000e+001	  2.3300000000000001e+000	  2.9700000000000002e+000	  1.8359999999999999e+001	
  7.3211200000000000e+005	  1.5470000000000001e+001	  1.8140000000000001e+001	  8.4600000000000009e+000	  5.7780000000000001e+001	  1.0690000000000000e+001	  8.2750000000000000e+001	  4.0079999999999998e+001	  2.1399999999999999e+001	  9.6199999999999992e+000	  3.2039999999999999e+001	  4.6820000000000000e+001	  3.7719999999999999e+001	  1.0940000000000000e+001	  1.6969999999999999e+001	  6.1600000000000001e+001	  3.4250000000000000e+001	  1.3650000000000000e+001	  1.2789999999999999e+001	  4.6399999999999997e+000	  1.4570000000000000e+001	  4.9329999999999998e+001	  1.2279999999999999e+001	  3.1320000000000000e+001	  1.7930000000000000e+001	  2.1140000000000001e+001	  6.3740000000000002e+001	  2.6800000000000002e+000	  1.6760000000000002e+001	  2.3300000000000001e+000	  6.4019999999999996e+001	  5.5619999999999997e+001	  7.8170000000000002e+001	  6.2789999999999999e+001	  1.9640000000000001e+001	  1.6640000000000001e+001	  5.3479999999999997e+001	  3.6549999999999997e+001	  7.3600000000000003e+000	  4.7719999999999999e+001	  3.2640000000000001e+001	  3.9200000000000003e+001	  5.4340000000000003e+001	  1.5250000000000000e+001	  1.1140000000000001e+001	  2.3300000000000001e+000	  3.0600000000000001e+000	  1.8649999999999999e+001	
  7.3211900000000000e+005	  1.5570000000000000e+001	  1.7969999999999999e+001	  8.5500000000000007e+000	  5.8079999999999998e+001	  1.0820000000000000e+001	  8.3140000000000001e+001	  4.0899999999999999e+001	  2.1910000000000000e+001	  9.4900000000000002e+000	  3.2100000000000001e+001	  4.6189999999999998e+001	  3.7969999999999999e+001	  1.1960000000000001e+001	  1.7359999999999999e+001	  6.0289999999999999e+001	  3.4670000000000002e+001	  1.3580000000000000e+001	  1.2880000000000001e+001	  4.7900000000000000e+000	  1.4300000000000001e+001	  4.9820000000000000e+001	  1.2250000000000000e+001	  3.0680000000000000e+001	  1.8120000000000001e+001	  2.1350000000000001e+001	  6.2460000000000001e+001	  2.7200000000000002e+000	  1.6870000000000001e+001	  2.3900000000000001e+000	  6.3890000000000001e+001	  5.6289999999999999e+001	  7.7140000000000001e+001	  6.3649999999999999e+001	  2.0120000000000001e+001	  1.6800000000000001e+001	  5.4140000000000001e+001	  3.6590000000000003e+001	  7.1900000000000004e+000	  4.7180000000000000e+001	  3.2789999999999999e+001	  3.8000000000000000e+001	  5.4979999999999997e+001	  1.5350000000000000e+001	  1.1279999999999999e+001	  2.3300000000000001e+000	  3.0699999999999998e+000	  1.9510000000000002e+001	
  7.3212600000000000e+005	  1.5470000000000001e+001	  1.7469999999999999e+001	  8.6199999999999992e+000	  5.7320000000000000e+001	  1.0890000000000001e+001	  8.4469999999999999e+001	  4.1159999999999997e+001	  2.1910000000000000e+001	  9.4299999999999997e+000	  3.1399999999999999e+001	  4.4460000000000001e+001	  3.6590000000000003e+001	  1.1529999999999999e+001	  1.7270000000000000e+001	  5.9159999999999997e+001	  3.3479999999999997e+001	  1.3480000000000000e+001	  1.2650000000000000e+001	  4.7199999999999998e+000	  1.3779999999999999e+001	  4.9859999999999999e+001	  1.2140000000000001e+001	  3.0120000000000001e+001	  1.8370000000000001e+001	  2.1050000000000001e+001	  6.0789999999999999e+001	  2.9199999999999999e+000	  1.6770000000000000e+001	  2.3799999999999999e+000	  6.3670000000000002e+001	  5.5670000000000002e+001	  7.7420000000000002e+001	  6.1500000000000000e+001	  2.0020000000000000e+001	  1.6399999999999999e+001	  5.3789999999999999e+001	  3.7250000000000000e+001	  7.0599999999999996e+000	  4.6869999999999997e+001	  3.2609999999999999e+001	  3.7340000000000003e+001	  5.4479999999999997e+001	  1.5210000000000001e+001	  1.1300000000000001e+001	  2.2999999999999998e+000	  3.0699999999999998e+000	  1.9390000000000001e+001	
  7.3213300000000000e+005	  1.5080000000000000e+001	  1.7199999999999999e+001	  8.2400000000000002e+000	  5.7060000000000002e+001	  1.0820000000000000e+001	  8.0620000000000005e+001	  4.1329999999999998e+001	  2.1440000000000001e+001	  9.4199999999999999e+000	  3.0680000000000000e+001	  4.4270000000000003e+001	  3.7039999999999999e+001	  1.1060000000000000e+001	  1.6870000000000001e+001	  5.7420000000000002e+001	  3.2810000000000002e+001	  1.3380000000000001e+001	  1.2740000000000000e+001	  4.7900000000000000e+000	  1.4330000000000000e+001	  5.1140000000000001e+001	  1.2100000000000000e+001	  3.0840000000000000e+001	  1.7899999999999999e+001	  2.1020000000000000e+001	  6.1049999999999997e+001	  3.0000000000000000e+000	  1.6609999999999999e+001	  2.4100000000000001e+000	  6.3090000000000003e+001	  5.5619999999999997e+001	  7.3769999999999996e+001	  5.8930000000000000e+001	  1.9530000000000001e+001	  1.6670000000000002e+001	  5.2740000000000002e+001	  3.9000000000000000e+001	  7.0300000000000002e+000	  4.8490000000000002e+001	  3.1129999999999999e+001	  3.7210000000000001e+001	  5.3270000000000003e+001	  1.5220000000000001e+001	  1.1340000000000000e+001	  2.3199999999999998e+000	  3.0200000000000000e+000	  1.9329999999999998e+001	
  7.3214000000000000e+005	  1.4770000000000000e+001	  1.7100000000000001e+001	  7.9900000000000002e+000	  5.6479999999999997e+001	  1.0710000000000001e+001	  7.8150000000000006e+001	  4.1320000000000000e+001	  2.0820000000000000e+001	  9.4199999999999999e+000	  3.0379999999999999e+001	  4.2509999999999998e+001	  3.6780000000000001e+001	  1.0900000000000000e+001	  1.6329999999999998e+001	  5.4509999999999998e+001	  3.2270000000000003e+001	  1.3240000000000000e+001	  1.2699999999999999e+001	  4.7599999999999998e+000	  1.4170000000000000e+001	  5.0450000000000003e+001	  1.2010000000000000e+001	  3.0680000000000000e+001	  1.7760000000000002e+001	  2.0930000000000000e+001	  5.8320000000000000e+001	  3.0000000000000000e+000	  1.6079999999999998e+001	  2.3100000000000001e+000	  6.3979999999999997e+001	  5.4820000000000000e+001	  7.1209999999999994e+001	  5.7490000000000002e+001	  1.8410000000000000e+001	  1.6520000000000000e+001	  5.2310000000000002e+001	  3.8409999999999997e+001	  7.0000000000000000e+000	  4.8130000000000003e+001	  3.0449999999999999e+001	  3.6530000000000001e+001	  5.2340000000000003e+001	  1.5109999999999999e+001	  1.1240000000000000e+001	  2.2500000000000000e+000	  2.9900000000000002e+000	  1.8070000000000000e+001	
  7.3214700000000000e+005	  1.4550000000000001e+001	  1.7129999999999999e+001	  8.0600000000000005e+000	  5.5880000000000003e+001	  1.0810000000000000e+001	  7.5170000000000002e+001	  4.0490000000000002e+001	  2.0160000000000000e+001	  9.2200000000000006e+000	  3.0239999999999998e+001	  4.1759999999999998e+001	  3.6180000000000000e+001	  1.0660000000000000e+001	  1.6050000000000001e+001	  5.4659999999999997e+001	  3.2460000000000001e+001	  1.2720000000000001e+001	  1.2400000000000000e+001	  4.6799999999999997e+000	  1.3960000000000001e+001	  4.9490000000000002e+001	  1.1789999999999999e+001	  3.0079999999999998e+001	  1.7239999999999998e+001	  2.0840000000000000e+001	  5.7880000000000003e+001	  2.9600000000000000e+000	  1.6010000000000002e+001	  2.3199999999999998e+000	  6.3399999999999999e+001	  5.3770000000000003e+001	  6.7329999999999998e+001	  5.6920000000000002e+001	  1.8190000000000001e+001	  1.6309999999999999e+001	  5.2009999999999998e+001	  3.7810000000000002e+001	  6.6200000000000001e+000	  4.9210000000000001e+001	  3.0510000000000002e+001	  3.6000000000000000e+001	  5.1950000000000003e+001	  1.4820000000000000e+001	  1.1150000000000000e+001	  2.2200000000000002e+000	  3.0000000000000000e+000	  1.7670000000000002e+001	
  7.3215400000000000e+005	  1.5130000000000001e+001	  1.7340000000000000e+001	  8.1999999999999993e+000	  5.6939999999999998e+001	  1.1160000000000000e+001	  7.6459999999999994e+001	  4.1579999999999998e+001	  2.0750000000000000e+001	  9.5800000000000001e+000	  3.0239999999999998e+001	  4.3560000000000002e+001	  3.7159999999999997e+001	  1.0250000000000000e+001	  1.6530000000000001e+001	  5.4229999999999997e+001	  3.3310000000000002e+001	  1.3170000000000000e+001	  1.2520000000000000e+001	  4.7199999999999998e+000	  1.4460000000000001e+001	  4.9710000000000001e+001	  1.2210000000000001e+001	  3.0920000000000002e+001	  1.8090000000000000e+001	  2.1090000000000000e+001	  6.0170000000000002e+001	  2.9600000000000000e+000	  1.6870000000000001e+001	  2.3500000000000001e+000	  6.3359999999999999e+001	  5.3770000000000003e+001	  7.0129999999999995e+001	  5.6829999999999998e+001	  1.8520000000000000e+001	  1.6239999999999998e+001	  5.7009999999999998e+001	  3.8479999999999997e+001	  6.5400000000000000e+000	  4.9619999999999997e+001	  3.2200000000000003e+001	  3.7729999999999997e+001	  5.5079999999999998e+001	  1.4880000000000001e+001	  1.1330000000000000e+001	  2.2300000000000000e+000	  3.0099999999999998e+000	  1.7850000000000001e+001	
  7.3216100000000000e+005	  1.5000000000000000e+001	  1.7510000000000002e+001	  7.7300000000000004e+000	  5.4359999999999999e+001	  1.1289999999999999e+001	  7.1989999999999995e+001	  4.1289999999999999e+001	  1.9890000000000001e+001	  9.3800000000000008e+000	  2.9239999999999998e+001	  4.3609999999999999e+001	  3.5710000000000001e+001	  9.3200000000000003e+000	  1.5690000000000000e+001	  5.0619999999999997e+001	  3.0850000000000001e+001	  1.2699999999999999e+001	  1.2250000000000000e+001	  4.4800000000000004e+000	  1.4000000000000000e+001	  4.8619999999999997e+001	  1.1840000000000000e+001	  3.0079999999999998e+001	  1.7190000000000001e+001	  2.0329999999999998e+001	  5.8049999999999997e+001	  2.9199999999999999e+000	  1.6840000000000000e+001	  2.3300000000000001e+000	  6.0820000000000000e+001	  4.9880000000000003e+001	  6.6659999999999997e+001	  5.4340000000000003e+001	  1.7280000000000001e+001	  1.5480000000000000e+001	  5.6439999999999998e+001	  3.8579999999999998e+001	  6.5599999999999996e+000	  4.9710000000000001e+001	  3.0079999999999998e+001	  3.7280000000000001e+001	  5.2450000000000003e+001	  1.4350000000000000e+001	  1.0680000000000000e+001	  2.1899999999999999e+000	  2.9700000000000002e+000	  1.6809999999999999e+001	
  7.3216800000000000e+005	  1.4850000000000000e+001	  1.7270000000000000e+001	  7.3499999999999996e+000	  5.2840000000000003e+001	  1.1490000000000000e+001	  7.0890000000000001e+001	  4.0049999999999997e+001	  1.8579999999999998e+001	  9.1400000000000006e+000	  2.8440000000000001e+001	  4.3820000000000000e+001	  3.5289999999999999e+001	  8.6199999999999992e+000	  1.5320000000000000e+001	  4.9680000000000000e+001	  2.9940000000000001e+001	  1.2859999999999999e+001	  1.2060000000000000e+001	  4.4699999999999998e+000	  1.4090000000000000e+001	  4.8890000000000001e+001	  1.1580000000000000e+001	  3.0120000000000001e+001	  1.6899999999999999e+001	  2.0160000000000000e+001	  5.9020000000000003e+001	  2.8399999999999999e+000	  1.6920000000000002e+001	  2.1699999999999999e+000	  6.0109999999999999e+001	  4.8320000000000000e+001	  6.5989999999999995e+001	  5.2439999999999998e+001	  1.6579999999999998e+001	  1.5140000000000001e+001	  5.4009999999999998e+001	  3.7270000000000003e+001	  6.4900000000000002e+000	  5.0250000000000000e+001	  2.8160000000000000e+001	  3.6700000000000003e+001	  5.0439999999999998e+001	  1.3859999999999999e+001	  1.0480000000000000e+001	  2.1299999999999999e+000	  2.8999999999999999e+000	  1.6760000000000002e+001	
  7.3217500000000000e+005	  1.5180000000000000e+001	  1.7870000000000001e+001	  7.6600000000000001e+000	  5.3420000000000002e+001	  1.1380000000000001e+001	  7.3519999999999996e+001	  4.0890000000000001e+001	  1.9430000000000000e+001	  9.3499999999999996e+000	  2.8760000000000002e+001	  4.4659999999999997e+001	  3.5460000000000001e+001	  9.2799999999999994e+000	  1.5880000000000001e+001	  5.2320000000000000e+001	  2.9870000000000001e+001	  1.3270000000000000e+001	  1.2310000000000000e+001	  4.4500000000000002e+000	  1.4039999999999999e+001	  4.8299999999999997e+001	  1.1720000000000001e+001	  3.0120000000000001e+001	  1.7260000000000002e+001	  2.0280000000000001e+001	  6.0430000000000000e+001	  2.8799999999999999e+000	  1.7379999999999999e+001	  2.2100000000000000e+000	  6.0689999999999998e+001	  4.9030000000000001e+001	  6.6689999999999998e+001	  5.3250000000000000e+001	  1.7129999999999999e+001	  1.5410000000000000e+001	  5.4829999999999998e+001	  3.6829999999999998e+001	  6.5400000000000000e+000	  5.0430000000000000e+001	  2.8770000000000000e+001	  3.7149999999999999e+001	  5.1950000000000003e+001	  1.4180000000000000e+001	  1.0720000000000001e+001	  2.1800000000000002e+000	  2.9300000000000002e+000	  1.7230000000000000e+001	
  7.3218200000000000e+005	  1.5609999999999999e+001	  1.8460000000000001e+001	  7.9900000000000002e+000	  5.5500000000000000e+001	  1.1510000000000000e+001	  7.7120000000000005e+001	  4.2289999999999999e+001	  2.0140000000000001e+001	  9.4900000000000002e+000	  2.9559999999999999e+001	  4.6060000000000002e+001	  3.6700000000000003e+001	  9.6600000000000001e+000	  1.6510000000000002e+001	  5.3710000000000001e+001	  3.1199999999999999e+001	  1.3859999999999999e+001	  1.2619999999999999e+001	  4.5899999999999999e+000	  1.4289999999999999e+001	  4.9180000000000000e+001	  1.2369999999999999e+001	  3.0760000000000002e+001	  1.7840000000000000e+001	  2.0629999999999999e+001	  6.2460000000000001e+001	  2.9199999999999999e+000	  1.8149999999999999e+001	  2.3199999999999998e+000	  6.3140000000000001e+001	  5.0880000000000003e+001	  6.9390000000000001e+001	  5.3340000000000003e+001	  1.7789999999999999e+001	  1.5630000000000001e+001	  5.7789999999999999e+001	  3.8200000000000003e+001	  6.6900000000000004e+000	  5.2770000000000003e+001	  3.0039999999999999e+001	  3.8710000000000001e+001	  5.3689999999999998e+001	  1.4660000000000000e+001	  1.1070000000000000e+001	  2.2400000000000002e+000	  3.0000000000000000e+000	  1.7969999999999999e+001	
  7.3218900000000000e+005	  1.6010000000000002e+001	  1.8710000000000001e+001	  8.1400000000000006e+000	  5.6060000000000002e+001	  1.1760000000000000e+001	  7.8099999999999994e+001	  4.2770000000000003e+001	  1.9649999999999999e+001	  9.8200000000000003e+000	  2.9280000000000001e+001	  4.6149999999999999e+001	  3.9310000000000002e+001	  9.1600000000000001e+000	  1.6579999999999998e+001	  5.4509999999999998e+001	  3.1449999999999999e+001	  1.3670000000000000e+001	  1.2859999999999999e+001	  4.7000000000000002e+000	  1.4869999999999999e+001	  5.0039999999999999e+001	  1.2690000000000000e+001	  3.1320000000000000e+001	  1.7050000000000001e+001	  2.1059999999999999e+001	  6.2729999999999997e+001	  3.0000000000000000e+000	  1.8280000000000001e+001	  2.3900000000000001e+000	  6.3850000000000001e+001	  5.0880000000000003e+001	  6.8840000000000003e+001	  5.3439999999999998e+001	  1.7579999999999998e+001	  1.5920000000000000e+001	  5.7920000000000002e+001	  3.8609999999999999e+001	  6.9199999999999999e+000	  5.2320000000000000e+001	  2.9280000000000001e+001	  3.8930000000000000e+001	  5.5359999999999999e+001	  1.5590000000000000e+001	  1.1080000000000000e+001	  2.2700000000000000e+000	  3.0400000000000000e+000	  1.7770000000000000e+001	
  7.3219600000000000e+005	  1.5890000000000001e+001	  1.9100000000000001e+001	  8.1500000000000004e+000	  5.5039999999999999e+001	  1.1760000000000000e+001	  7.8799999999999997e+001	  4.2590000000000003e+001	  1.9710000000000001e+001	  9.7500000000000000e+000	  2.8899999999999999e+001	  4.6280000000000001e+001	  3.8729999999999997e+001	  9.4199999999999999e+000	  1.6489999999999998e+001	  5.3359999999999999e+001	  3.1449999999999999e+001	  1.3640000000000001e+001	  1.2810000000000000e+001	  4.5999999999999996e+000	  1.4840000000000000e+001	  4.8869999999999997e+001	  1.2630000000000001e+001	  3.1320000000000000e+001	  1.7350000000000001e+001	  2.1350000000000001e+001	  6.2460000000000001e+001	  2.9600000000000000e+000	  1.8280000000000001e+001	  2.3300000000000001e+000	  6.4510000000000005e+001	  5.1729999999999997e+001	  6.9450000000000003e+001	  5.3680000000000000e+001	  1.7780000000000001e+001	  1.5710000000000001e+001	  5.9789999999999999e+001	  3.6969999999999999e+001	  6.8700000000000001e+000	  5.0789999999999999e+001	  3.0559999999999999e+001	  3.9399999999999999e+001	  5.6490000000000002e+001	  1.5520000000000000e+001	  1.1190000000000000e+001	  2.2500000000000000e+000	  3.0000000000000000e+000	  1.8180000000000000e+001	
  7.3220300000000000e+005	  1.6480000000000000e+001	  1.9530000000000001e+001	  8.2500000000000000e+000	  5.4780000000000001e+001	  1.1930000000000000e+001	  8.1849999999999994e+001	  4.3869999999999997e+001	  2.0539999999999999e+001	  9.7500000000000000e+000	  2.8480000000000000e+001	  4.7719999999999999e+001	  3.9289999999999999e+001	  9.5000000000000000e+000	  1.6750000000000000e+001	  5.5939999999999998e+001	  3.1789999999999999e+001	  1.3869999999999999e+001	  1.2980000000000000e+001	  4.6799999999999997e+000	  1.4869999999999999e+001	  5.0109999999999999e+001	  1.3170000000000000e+001	  3.1640000000000001e+001	  1.8010000000000002e+001	  2.1539999999999999e+001	  6.4450000000000003e+001	  2.9199999999999999e+000	  1.9010000000000002e+001	  2.3300000000000001e+000	  6.4599999999999994e+001	  5.3680000000000000e+001	  7.2950000000000003e+001	  5.3770000000000003e+001	  1.7969999999999999e+001	  1.5650000000000000e+001	  5.9479999999999997e+001	  3.7210000000000001e+001	  6.7199999999999998e+000	  5.1640000000000001e+001	  3.1430000000000000e+001	  3.9740000000000002e+001	  5.7270000000000003e+001	  1.5960000000000001e+001	  1.1380000000000001e+001	  2.2799999999999998e+000	  3.1099999999999999e+000	  1.7670000000000002e+001	
  7.3221000000000000e+005	  1.6270000000000000e+001	  1.9270000000000000e+001	  7.8099999999999996e+000	  5.4100000000000001e+001	  1.2039999999999999e+001	  7.7969999999999999e+001	  4.3020000000000003e+001	  2.0460000000000001e+001	  9.5800000000000001e+000	  2.8219999999999999e+001	  4.7000000000000000e+001	  3.6539999999999999e+001	  9.0600000000000005e+000	  1.5970000000000001e+001	  5.5420000000000002e+001	  3.0430000000000000e+001	  1.4100000000000000e+001	  1.2750000000000000e+001	  4.6600000000000001e+000	  1.5340000000000000e+001	  4.9350000000000001e+001	  1.2779999999999999e+001	  3.2280000000000001e+001	  1.7850000000000001e+001	  2.1539999999999999e+001	  6.3210000000000001e+001	  2.9199999999999999e+000	  1.8160000000000000e+001	  2.3100000000000001e+000	  6.2820000000000000e+001	  5.1500000000000000e+001	  6.9120000000000005e+001	  5.0810000000000002e+001	  1.7359999999999999e+001	  1.5970000000000001e+001	  5.7609999999999999e+001	  3.6149999999999999e+001	  6.5400000000000000e+000	  5.1149999999999999e+001	  3.0640000000000001e+001	  3.8259999999999998e+001	  5.6299999999999997e+001	  1.5690000000000000e+001	  1.1150000000000000e+001	  2.2599999999999998e+000	  3.1000000000000001e+000	  1.8090000000000000e+001	
  7.3221700000000000e+005	  1.6629999999999999e+001	  2.0059999999999999e+001	  7.8700000000000001e+000	  5.4740000000000002e+001	  1.1940000000000000e+001	  7.9569999999999993e+001	  4.5780000000000001e+001	  2.1270000000000000e+001	  9.8399999999999999e+000	  2.8280000000000001e+001	  4.8310000000000002e+001	  3.5609999999999999e+001	  9.3900000000000006e+000	  1.6280000000000001e+001	  5.5869999999999997e+001	  3.0670000000000002e+001	  1.4710000000000001e+001	  1.2900000000000000e+001	  4.8600000000000003e+000	  1.5640000000000001e+001	  5.0780000000000001e+001	  1.3220000000000001e+001	  3.2000000000000000e+001	  1.8379999999999999e+001	  2.1530000000000001e+001	  6.4489999999999995e+001	  2.9600000000000000e+000	  1.8710000000000001e+001	  2.3399999999999999e+000	  6.4959999999999994e+001	  5.2210000000000001e+001	  6.9980000000000004e+001	  5.1240000000000002e+001	  1.7520000000000000e+001	  1.6550000000000001e+001	  5.9270000000000003e+001	  3.7369999999999997e+001	  6.6799999999999997e+000	  5.3490000000000002e+001	  3.1390000000000001e+001	  3.9549999999999997e+001	  5.7060000000000002e+001	  1.6020000000000000e+001	  1.1779999999999999e+001	  2.3300000000000001e+000	  3.1000000000000001e+000	  1.8399999999999999e+001	
  7.3222400000000000e+005	  1.6710000000000001e+001	  2.0039999999999999e+001	  7.9600000000000000e+000	  5.4619999999999997e+001	  1.2199999999999999e+001	  8.1299999999999997e+001	  4.5210000000000001e+001	  2.1289999999999999e+001	  1.0240000000000000e+001	  2.8100000000000001e+001	  4.8399999999999999e+001	  3.4149999999999999e+001	  9.8000000000000007e+000	  1.6680000000000000e+001	  5.6840000000000003e+001	  3.0570000000000000e+001	  1.4400000000000000e+001	  1.2920000000000000e+001	  4.7900000000000000e+000	  1.5660000000000000e+001	  5.2450000000000003e+001	  1.3460000000000001e+001	  3.2280000000000001e+001	  1.8649999999999999e+001	  2.2079999999999998e+001	  6.4760000000000005e+001	  2.9600000000000000e+000	  1.9379999999999999e+001	  2.3900000000000001e+000	  6.5489999999999995e+001	  5.3869999999999997e+001	  7.0239999999999995e+001	  4.9909999999999997e+001	  1.7670000000000002e+001	  1.6390000000000001e+001	  5.8219999999999999e+001	  3.7890000000000001e+001	  6.9400000000000004e+000	  5.1960000000000001e+001	  3.1000000000000000e+001	  3.9590000000000003e+001	  5.7869999999999997e+001	  1.6500000000000000e+001	  1.1980000000000000e+001	  2.3300000000000001e+000	  3.1200000000000001e+000	  1.8649999999999999e+001	
  7.3223100000000000e+005	  1.6449999999999999e+001	  1.9590000000000000e+001	  7.5899999999999999e+000	  5.3759999999999998e+001	  1.2199999999999999e+001	  7.7109999999999999e+001	  4.4390000000000001e+001	  2.0609999999999999e+001	  1.0279999999999999e+001	  2.8940000000000001e+001	  4.7359999999999999e+001	  3.2560000000000002e+001	  9.7300000000000004e+000	  1.6199999999999999e+001	  5.6299999999999997e+001	  2.9550000000000001e+001	  1.4080000000000000e+001	  1.2800000000000001e+001	  4.7699999999999996e+000	  1.5250000000000000e+001	  5.2009999999999998e+001	  1.3330000000000000e+001	  3.1760000000000002e+001	  1.8320000000000000e+001	  2.2079999999999998e+001	  6.3570000000000000e+001	  2.9600000000000000e+000	  1.8590000000000000e+001	  2.4100000000000001e+000	  6.3710000000000001e+001	  5.2210000000000001e+001	  6.4879999999999995e+001	  4.9810000000000002e+001	  1.6559999999999999e+001	  1.6140000000000001e+001	  5.5829999999999998e+001	  3.7869999999999997e+001	  7.0599999999999996e+000	  5.1729999999999997e+001	  3.0590000000000000e+001	  3.9180000000000000e+001	  5.5450000000000003e+001	  1.6300000000000001e+001	  1.1850000000000000e+001	  2.2999999999999998e+000	  3.1499999999999999e+000	  1.8129999999999999e+001	
  7.3223800000000000e+005	  1.6520000000000000e+001	  2.0250000000000000e+001	  7.4699999999999998e+000	  5.3799999999999997e+001	  1.2250000000000000e+001	  7.6569999999999993e+001	  4.6159999999999997e+001	  2.1000000000000000e+001	  1.0449999999999999e+001	  2.9000000000000000e+001	  4.7719999999999999e+001	  3.2509999999999998e+001	  1.0690000000000000e+001	  1.6050000000000001e+001	  5.4840000000000003e+001	  2.9430000000000000e+001	  1.4060000000000000e+001	  1.2890000000000001e+001	  5.0499999999999998e+000	  1.5279999999999999e+001	  5.2359999999999999e+001	  1.3350000000000000e+001	  3.1879999999999999e+001	  1.8649999999999999e+001	  2.2230000000000000e+001	  6.4670000000000002e+001	  2.9600000000000000e+000	  1.8079999999999998e+001	  2.4700000000000002e+000	  6.3979999999999997e+001	  5.0880000000000003e+001	  6.4909999999999997e+001	  5.0479999999999997e+001	  1.6980000000000000e+001	  1.6149999999999999e+001	  5.5829999999999998e+001	  3.8109999999999999e+001	  7.1600000000000001e+000	  5.0969999999999999e+001	  3.2039999999999999e+001	  4.0189999999999998e+001	  5.5600000000000001e+001	  1.6300000000000001e+001	  1.2190000000000000e+001	  2.3500000000000001e+000	  3.2000000000000002e+000	  1.8000000000000000e+001	
  7.3224500000000000e+005	  1.6789999999999999e+001	  2.0320000000000000e+001	  7.6399999999999997e+000	  5.3600000000000001e+001	  1.2109999999999999e+001	  7.9390000000000001e+001	  4.5909999999999997e+001	  2.0780000000000001e+001	  1.0750000000000000e+001	  2.8960000000000001e+001	  4.8039999999999999e+001	  3.2189999999999998e+001	  1.0920000000000000e+001	  1.6329999999999998e+001	  5.5960000000000001e+001	  2.9070000000000000e+001	  1.4210000000000001e+001	  1.3170000000000000e+001	  5.3799999999999999e+000	  1.5050000000000001e+001	  5.3619999999999997e+001	  1.3449999999999999e+001	  3.1239999999999998e+001	  1.9730000000000000e+001	  2.2340000000000000e+001	  6.4140000000000001e+001	  2.9600000000000000e+000	  1.8620000000000001e+001	  2.4500000000000002e+000	  6.3670000000000002e+001	  5.0930000000000000e+001	  6.7409999999999997e+001	  5.1000000000000000e+001	  1.7059999999999999e+001	  1.5640000000000001e+001	  5.7049999999999997e+001	  3.9259999999999998e+001	  7.3200000000000003e+000	  5.1600000000000001e+001	  3.2280000000000001e+001	  4.0000000000000000e+001	  5.5119999999999997e+001	  1.6600000000000001e+001	  1.2100000000000000e+001	  2.3599999999999999e+000	  3.1800000000000002e+000	  1.8399999999999999e+001	
  7.3225200000000000e+005	  1.6899999999999999e+001	  2.0629999999999999e+001	  8.1500000000000004e+000	  5.5340000000000003e+001	  1.2310000000000000e+001	  8.5040000000000006e+001	  4.7039999999999999e+001	  2.1730000000000000e+001	  1.1010000000000000e+001	  2.9640000000000001e+001	  4.8759999999999998e+001	  3.2560000000000002e+001	  1.1119999999999999e+001	  1.7010000000000002e+001	  5.8850000000000001e+001	  2.9719999999999999e+001	  1.4470000000000001e+001	  1.3560000000000000e+001	  5.4500000000000002e+000	  1.5609999999999999e+001	  5.3299999999999997e+001	  1.3710000000000001e+001	  3.1760000000000002e+001	  1.9710000000000001e+001	  2.2489999999999998e+001	  6.4799999999999997e+001	  3.0400000000000000e+000	  1.8620000000000001e+001	  2.4900000000000002e+000	  6.4379999999999995e+001	  5.2869999999999997e+001	  6.9769999999999996e+001	  5.2670000000000002e+001	  1.7510000000000002e+001	  1.5810000000000000e+001	  5.6609999999999999e+001	  4.0340000000000003e+001	  7.3300000000000001e+000	  5.3350000000000001e+001	  3.2780000000000001e+001	  4.1390000000000001e+001	  5.7250000000000000e+001	  1.6590000000000000e+001	  1.2500000000000000e+001	  2.4500000000000002e+000	  3.2500000000000000e+000	  1.8949999999999999e+001	
  7.3225900000000000e+005	  1.6920000000000002e+001	  2.0890000000000001e+001	  8.6799999999999997e+000	  5.5960000000000001e+001	  1.2740000000000000e+001	  8.8549999999999997e+001	  4.6960000000000001e+001	  2.2500000000000000e+001	  1.0640000000000001e+001	  2.9960000000000001e+001	  4.8619999999999997e+001	  3.3100000000000001e+001	  1.1270000000000000e+001	  1.7359999999999999e+001	  5.9960000000000001e+001	  3.0960000000000001e+001	  1.4980000000000000e+001	  1.3600000000000000e+001	  5.3399999999999999e+000	  1.5660000000000000e+001	  5.3930000000000000e+001	  1.3920000000000000e+001	  3.1960000000000001e+001	  2.0170000000000002e+001	  2.2559999999999999e+001	  6.6170000000000002e+001	  3.0400000000000000e+000	  1.8859999999999999e+001	  2.6099999999999999e+000	  6.4069999999999993e+001	  5.3770000000000003e+001	  7.3099999999999994e+001	  5.3630000000000003e+001	  1.8100000000000001e+001	  1.6079999999999998e+001	  5.7399999999999999e+001	  3.8700000000000003e+001	  7.4000000000000004e+000	  5.3619999999999997e+001	  3.3530000000000001e+001	  4.1289999999999999e+001	  5.7430000000000000e+001	  1.6149999999999999e+001	  1.2160000000000000e+001	  2.5800000000000001e+000	  3.2400000000000002e+000	  1.9579999999999998e+001	
  7.3226600000000000e+005	  1.6800000000000001e+001	  1.9309999999999999e+001	  8.5199999999999996e+000	  5.5759999999999998e+001	  1.2779999999999999e+001	  8.7980000000000004e+001	  4.7770000000000003e+001	  2.2510000000000002e+001	  1.0820000000000000e+001	  2.9960000000000001e+001	  4.7810000000000002e+001	  3.3659999999999997e+001	  1.1550000000000001e+001	  1.7390000000000001e+001	  5.9560000000000002e+001	  3.0449999999999999e+001	  1.5130000000000001e+001	  1.3670000000000000e+001	  5.3899999999999997e+000	  1.5520000000000000e+001	  5.4000000000000000e+001	  1.3590000000000000e+001	  3.1840000000000000e+001	  2.0239999999999998e+001	  2.2410000000000000e+001	  6.4400000000000006e+001	  3.0400000000000000e+000	  1.8530000000000001e+001	  2.6400000000000001e+000	  6.2909999999999997e+001	  5.3390000000000001e+001	  7.3459999999999994e+001	  5.2909999999999997e+001	  1.8120000000000001e+001	  1.6420000000000002e+001	  5.5009999999999998e+001	  3.7950000000000003e+001	  7.6600000000000001e+000	  5.2090000000000003e+001	  3.2659999999999997e+001	  4.0719999999999999e+001	  5.7390000000000001e+001	  1.6180000000000000e+001	  1.2130000000000001e+001	  2.6299999999999999e+000	  3.1200000000000001e+000	  1.9340000000000000e+001	
  7.3227300000000000e+005	  1.6570000000000000e+001	  1.9780000000000001e+001	  8.4600000000000009e+000	  5.5880000000000003e+001	  1.2779999999999999e+001	  9.0040000000000006e+001	  4.8030000000000001e+001	  2.2559999999999999e+001	  1.1000000000000000e+001	  2.9920000000000002e+001	  4.7500000000000000e+001	  3.3740000000000002e+001	  1.1320000000000000e+001	  1.7219999999999999e+001	  6.0509999999999998e+001	  3.0350000000000001e+001	  1.5050000000000001e+001	  1.3529999999999999e+001	  5.3300000000000001e+000	  1.5770000000000000e+001	  5.4609999999999999e+001	  1.3619999999999999e+001	  3.1800000000000001e+001	  2.0320000000000000e+001	  2.2420000000000002e+001	  6.4980000000000004e+001	  3.0800000000000001e+000	  1.8590000000000000e+001	  2.5699999999999998e+000	  6.2820000000000000e+001	  5.1070000000000000e+001	  7.4510000000000005e+001	  5.2719999999999999e+001	  1.8050000000000001e+001	  1.6829999999999998e+001	  5.3789999999999999e+001	  3.7820000000000000e+001	  7.6200000000000001e+000	  5.1369999999999997e+001	  3.2880000000000003e+001	  4.0490000000000002e+001	  5.7259999999999998e+001	  1.6180000000000000e+001	  1.2359999999999999e+001	  2.6200000000000001e+000	  3.1499999999999999e+000	  1.9329999999999998e+001	
  7.3228000000000000e+005	  1.6640000000000001e+001	  1.9890000000000001e+001	  8.8000000000000007e+000	  5.5840000000000003e+001	  1.3400000000000000e+001	  9.1489999999999995e+001	  4.8649999999999999e+001	  2.2820000000000000e+001	  1.0920000000000000e+001	  2.9879999999999999e+001	  4.7810000000000002e+001	  3.4020000000000003e+001	  1.1460000000000001e+001	  1.7539999999999999e+001	  6.1740000000000002e+001	  3.0660000000000000e+001	  1.5449999999999999e+001	  1.3529999999999999e+001	  5.3499999999999996e+000	  1.5300000000000001e+001	  5.3719999999999999e+001	  1.3630000000000001e+001	  3.0920000000000002e+001	  2.1359999999999999e+001	  2.2890000000000001e+001	  6.5329999999999998e+001	  3.1200000000000001e+000	  1.9039999999999999e+001	  2.6000000000000001e+000	  6.2729999999999997e+001	  5.0740000000000002e+001	  7.7969999999999999e+001	  5.2049999999999997e+001	  1.8510000000000002e+001	  1.6780000000000001e+001	  5.3049999999999997e+001	  3.8460000000000001e+001	  7.5499999999999998e+000	  5.1060000000000002e+001	  3.2750000000000000e+001	  4.0700000000000003e+001	  5.8979999999999997e+001	  1.6469999999999999e+001	  1.2720000000000001e+001	  2.6699999999999999e+000	  3.1800000000000002e+000	  1.9629999999999999e+001	
  7.3228700000000000e+005	  1.6559999999999999e+001	  1.9949999999999999e+001	  8.7799999999999994e+000	  5.5340000000000003e+001	  1.3180000000000000e+001	  8.9739999999999995e+001	  4.8340000000000003e+001	  2.2800000000000001e+001	  1.0930000000000000e+001	  2.9640000000000001e+001	  4.7859999999999999e+001	  3.3840000000000003e+001	  1.0920000000000000e+001	  1.7280000000000001e+001	  6.0850000000000001e+001	  3.0850000000000001e+001	  1.5380000000000001e+001	  1.3699999999999999e+001	  5.5999999999999996e+000	  1.5390000000000001e+001	  5.4299999999999997e+001	  1.3580000000000000e+001	  3.0920000000000002e+001	  2.1289999999999999e+001	  2.3440000000000001e+001	  6.5239999999999995e+001	  3.1200000000000001e+000	  1.9309999999999999e+001	  2.6099999999999999e+000	  6.1270000000000003e+001	  5.0789999999999999e+001	  7.7969999999999999e+001	  5.2049999999999997e+001	  1.8030000000000001e+001	  1.6850000000000001e+001	  5.1180000000000000e+001	  3.7680000000000000e+001	  7.5000000000000000e+000	  5.0430000000000000e+001	  3.2159999999999997e+001	  4.0570000000000000e+001	  5.8229999999999997e+001	  1.6910000000000000e+001	  1.2960000000000001e+001	  2.6899999999999999e+000	  3.1800000000000002e+000	  1.9890000000000001e+001	
  7.3229400000000000e+005	  1.7239999999999998e+001	  1.9680000000000000e+001	  8.9700000000000006e+000	  5.5280000000000001e+001	  1.3220000000000001e+001	  9.0480000000000004e+001	  4.7859999999999999e+001	  2.3350000000000001e+001	  1.1100000000000000e+001	  2.8820000000000000e+001	  4.7359999999999999e+001	  3.3299999999999997e+001	  1.0699999999999999e+001	  1.7210000000000001e+001	  6.0750000000000000e+001	  3.1030000000000001e+001	  1.5520000000000000e+001	  1.3779999999999999e+001	  5.7000000000000002e+000	  1.5279999999999999e+001	  5.4420000000000002e+001	  1.3470000000000001e+001	  3.0160000000000000e+001	  2.1070000000000000e+001	  2.3379999999999999e+001	  6.4579999999999998e+001	  3.1600000000000001e+000	  1.9649999999999999e+001	  2.6699999999999999e+000	  6.1890000000000001e+001	  5.0930000000000000e+001	  7.8500000000000000e+001	  5.2009999999999998e+001	  1.7770000000000000e+001	  1.7170000000000002e+001	  5.2310000000000002e+001	  3.7460000000000001e+001	  7.4800000000000004e+000	  5.1060000000000002e+001	  3.1430000000000000e+001	  4.0390000000000001e+001	  5.7950000000000003e+001	  1.7000000000000000e+001	  1.2720000000000001e+001	  2.6699999999999999e+000	  3.1499999999999999e+000	  1.9920000000000002e+001	
  7.3230100000000000e+005	  1.7489999999999998e+001	  1.9820000000000000e+001	  9.0899999999999999e+000	  5.6640000000000001e+001	  1.3359999999999999e+001	  9.3170000000000002e+001	  4.9109999999999999e+001	  2.3629999999999999e+001	  1.1359999999999999e+001	  2.9820000000000000e+001	  4.8079999999999998e+001	  3.2969999999999999e+001	  1.0630000000000001e+001	  1.7760000000000002e+001	  6.0659999999999997e+001	  3.1899999999999999e+001	  1.5650000000000000e+001	  1.4230000000000000e+001	  5.7400000000000002e+000	  1.5750000000000000e+001	  5.6189999999999998e+001	  1.3740000000000000e+001	  3.1039999999999999e+001	  2.1079999999999998e+001	  2.3930000000000000e+001	  6.5900000000000006e+001	  3.2400000000000002e+000	  1.9890000000000001e+001	  2.7000000000000002e+000	  6.3670000000000002e+001	  5.3159999999999997e+001	  8.0430000000000007e+001	  5.3200000000000003e+001	  1.7899999999999999e+001	  1.7640000000000001e+001	  5.3659999999999997e+001	  3.8479999999999997e+001	  7.6399999999999997e+000	  5.3130000000000003e+001	  3.1760000000000002e+001	  4.1299999999999997e+001	  5.8689999999999998e+001	  1.7510000000000002e+001	  1.2970000000000001e+001	  2.7100000000000000e+000	  3.1899999999999999e+000	  2.0300000000000001e+001	
  7.3230800000000000e+005	  1.7449999999999999e+001	  1.9640000000000001e+001	  8.9299999999999997e+000	  5.7579999999999998e+001	  1.3529999999999999e+001	  9.2930000000000007e+001	  4.9759999999999998e+001	  2.3340000000000000e+001	  1.1400000000000000e+001	  3.0000000000000000e+001	  4.7990000000000002e+001	  3.2859999999999999e+001	  1.0910000000000000e+001	  1.7600000000000001e+001	  6.1340000000000003e+001	  3.1649999999999999e+001	  1.5750000000000000e+001	  1.4310000000000000e+001	  5.7500000000000000e+000	  1.5570000000000000e+001	  5.6380000000000003e+001	  1.3730000000000000e+001	  3.0800000000000001e+001	  2.1410000000000000e+001	  2.3969999999999999e+001	  6.5680000000000007e+001	  3.2400000000000002e+000	  1.9980000000000000e+001	  2.7000000000000002e+000	  6.3180000000000000e+001	  5.3439999999999998e+001	  7.9510000000000005e+001	  5.3289999999999999e+001	  1.7940000000000001e+001	  1.7640000000000001e+001	  5.3530000000000001e+001	  3.8479999999999997e+001	  7.6399999999999997e+000	  5.2950000000000003e+001	  3.1770000000000000e+001	  4.1180000000000000e+001	  5.8930000000000000e+001	  1.7780000000000001e+001	  1.2960000000000001e+001	  2.7200000000000002e+000	  3.2000000000000002e+000	  2.0190000000000001e+001	
  7.3231500000000000e+005	  1.8489999999999998e+001	  2.0170000000000002e+001	  9.4700000000000006e+000	  5.7700000000000003e+001	  1.3660000000000000e+001	  9.2819999999999993e+001	  4.9659999999999997e+001	  2.2500000000000000e+001	  1.1460000000000001e+001	  3.0840000000000000e+001	  4.9700000000000003e+001	  3.3990000000000002e+001	  1.0609999999999999e+001	  1.7739999999999998e+001	  6.2979999999999997e+001	  3.2250000000000000e+001	  1.5880000000000001e+001	  1.4080000000000000e+001	  5.6699999999999999e+000	  1.5410000000000000e+001	  5.6930000000000000e+001	  1.4160000000000000e+001	  3.0680000000000000e+001	  2.1870000000000001e+001	  2.3949999999999999e+001	  6.8769999999999996e+001	  3.4399999999999999e+000	  2.0239999999999998e+001	  2.7700000000000000e+000	  6.5980000000000004e+001	  5.3159999999999997e+001	  8.2280000000000001e+001	  5.5200000000000003e+001	  1.7469999999999999e+001	  1.7379999999999999e+001	  5.6570000000000000e+001	  4.1079999999999998e+001	  7.5499999999999998e+000	  5.2090000000000003e+001	  3.2240000000000002e+001	  4.2189999999999998e+001	  5.9130000000000003e+001	  1.7879999999999999e+001	  1.3090000000000000e+001	  2.7700000000000000e+000	  3.2100000000000000e+000	  2.0930000000000000e+001	
  7.3232200000000000e+005	  1.8010000000000002e+001	  2.0309999999999999e+001	  9.0999999999999996e+000	  5.6299999999999997e+001	  1.3710000000000001e+001	  9.0590000000000003e+001	  4.8880000000000003e+001	  2.2280000000000001e+001	  1.1250000000000000e+001	  3.0800000000000001e+001	  4.9520000000000003e+001	  3.5130000000000003e+001	  1.0279999999999999e+001	  1.7600000000000001e+001	  6.2689999999999998e+001	  3.1420000000000002e+001	  1.5230000000000000e+001	  1.4260000000000000e+001	  5.7500000000000000e+000	  1.5560000000000000e+001	  5.5670000000000002e+001	  1.4260000000000000e+001	  3.0879999999999999e+001	  2.1210000000000001e+001	  2.3609999999999999e+001	  6.8019999999999996e+001	  3.4800000000000000e+000	  1.9789999999999999e+001	  2.7300000000000000e+000	  6.8790000000000006e+001	  5.1969999999999999e+001	  7.9040000000000006e+001	  5.3680000000000000e+001	  1.7160000000000000e+001	  1.7960000000000001e+001	  5.6049999999999997e+001	  4.1409999999999997e+001	  7.5999999999999996e+000	  5.2000000000000000e+001	  3.0359999999999999e+001	  4.2700000000000003e+001	  5.7619999999999997e+001	  1.7230000000000000e+001	  1.2710000000000001e+001	  2.8500000000000001e+000	  3.1200000000000001e+000	  2.0359999999999999e+001	
  7.3232900000000000e+005	  1.8559999999999999e+001	  2.0039999999999999e+001	  9.0800000000000001e+000	  5.5680000000000000e+001	  1.3750000000000000e+001	  8.6810000000000002e+001	  4.8850000000000001e+001	  2.3350000000000001e+001	  1.1119999999999999e+001	  3.0280000000000001e+001	  4.9969999999999999e+001	  3.5399999999999999e+001	  1.0130000000000001e+001	  1.7550000000000001e+001	  6.1289999999999999e+001	  3.1340000000000000e+001	  1.5369999999999999e+001	  1.4199999999999999e+001	  5.6699999999999999e+000	  1.5660000000000000e+001	  5.6359999999999999e+001	  1.4380000000000001e+001	  3.1079999999999998e+001	  2.0570000000000000e+001	  2.3640000000000001e+001	  6.7579999999999998e+001	  3.4800000000000000e+000	  1.9520000000000000e+001	  2.7500000000000000e+000	  7.0120000000000005e+001	  5.1310000000000002e+001	  7.7359999999999999e+001	  5.2670000000000002e+001	  1.7199999999999999e+001	  1.7910000000000000e+001	  5.5049999999999997e+001	  4.1060000000000002e+001	  7.5400000000000000e+000	  5.1960000000000001e+001	  2.9370000000000001e+001	  4.3060000000000002e+001	  5.7640000000000001e+001	  1.8120000000000001e+001	  1.2630000000000001e+001	  2.8599999999999999e+000	  3.2000000000000002e+000	  2.0390000000000001e+001	
  7.3233600000000000e+005	  1.8440000000000001e+001	  1.9969999999999999e+001	  9.0600000000000005e+000	  5.5240000000000002e+001	  1.3600000000000000e+001	  8.5430000000000007e+001	  4.8659999999999997e+001	  2.3340000000000000e+001	  1.1230000000000000e+001	  3.0960000000000001e+001	  4.9070000000000000e+001	  3.6479999999999997e+001	  1.0279999999999999e+001	  1.7649999999999999e+001	  6.0380000000000003e+001	  3.0969999999999999e+001	  1.5449999999999999e+001	  1.4520000000000000e+001	  5.7000000000000002e+000	  1.5670000000000000e+001	  5.6990000000000002e+001	  1.4039999999999999e+001	  3.1480000000000000e+001	  2.0910000000000000e+001	  2.4180000000000000e+001	  6.6650000000000006e+001	  3.5200000000000000e+000	  1.9719999999999999e+001	  2.7100000000000000e+000	  7.0340000000000003e+001	  5.0600000000000001e+001	  7.5849999999999994e+001	  5.4149999999999999e+001	  1.8000000000000000e+001	  1.8149999999999999e+001	  5.4090000000000003e+001	  4.0539999999999999e+001	  7.6100000000000003e+000	  5.1420000000000002e+001	  2.8530000000000001e+001	  4.3460000000000001e+001	  5.9159999999999997e+001	  1.8289999999999999e+001	  1.2949999999999999e+001	  2.7000000000000002e+000	  3.1899999999999999e+000	  2.0620000000000001e+001	
  7.3234300000000000e+005	  1.8649999999999999e+001	  2.0480000000000000e+001	  9.3900000000000006e+000	  5.6640000000000001e+001	  1.3740000000000000e+001	  8.7780000000000001e+001	  5.0420000000000002e+001	  2.3489999999999998e+001	  1.1609999999999999e+001	  3.1820000000000000e+001	  4.9340000000000003e+001	  3.8159999999999997e+001	  9.2400000000000002e+000	  1.8030000000000001e+001	  6.4370000000000005e+001	  3.2170000000000002e+001	  1.5630000000000001e+001	  1.5000000000000000e+001	  5.9699999999999998e+000	  1.6190000000000001e+001	  5.9149999999999999e+001	  1.4090000000000000e+001	  3.2520000000000003e+001	  2.1250000000000000e+001	  2.4829999999999998e+001	  6.8200000000000003e+001	  3.6000000000000001e+000	  2.0000000000000000e+001	  2.7599999999999998e+000	  7.1409999999999997e+001	  5.1590000000000003e+001	  7.8060000000000002e+001	  5.5159999999999997e+001	  1.9090000000000000e+001	  1.8530000000000001e+001	  5.5180000000000000e+001	  4.4909999999999997e+001	  7.8600000000000003e+000	  5.1689999999999998e+001	  2.9239999999999998e+001	  4.5380000000000003e+001	  5.7990000000000002e+001	  1.9550000000000001e+001	  1.3250000000000000e+001	  2.7599999999999998e+000	  3.2900000000000000e+000	  2.1059999999999999e+001	
  7.3235000000000000e+005	  1.9050000000000001e+001	  2.0600000000000001e+001	  9.1699999999999999e+000	  5.6719999999999999e+001	  1.4060000000000000e+001	  9.0609999999999999e+001	  5.2200000000000003e+001	  2.4660000000000000e+001	  1.1779999999999999e+001	  3.1980000000000000e+001	  5.0469999999999999e+001	  3.7820000000000000e+001	  9.4499999999999993e+000	  1.8690000000000001e+001	  6.3570000000000000e+001	  3.2170000000000002e+001	  1.5449999999999999e+001	  1.5180000000000000e+001	  6.1200000000000001e+000	  1.6210000000000001e+001	  6.0009999999999998e+001	  1.4520000000000000e+001	  3.2960000000000001e+001	  2.1320000000000000e+001	  2.5010000000000002e+001	  7.1989999999999995e+001	  3.7200000000000002e+000	  2.0460000000000001e+001	  2.8700000000000001e+000	  7.2260000000000005e+001	  5.3250000000000000e+001	  7.9950000000000003e+001	  5.5780000000000001e+001	  1.9420000000000002e+001	  1.8750000000000000e+001	  5.9570000000000000e+001	  4.5060000000000002e+001	  8.1999999999999993e+000	  5.2000000000000000e+001	  2.9879999999999999e+001	  4.4759999999999998e+001	  5.9159999999999997e+001	  1.9449999999999999e+001	  1.3529999999999999e+001	  2.7799999999999998e+000	  3.3300000000000001e+000	  2.1420000000000002e+001	
  7.3235700000000000e+005	  1.8949999999999999e+001	  2.0280000000000001e+001	  9.1400000000000006e+000	  5.7200000000000003e+001	  1.4440000000000000e+001	  8.8370000000000005e+001	  5.3299999999999997e+001	  2.5030000000000001e+001	  1.1590000000000000e+001	  3.2680000000000000e+001	  4.9880000000000003e+001	  3.7500000000000000e+001	  9.0600000000000005e+000	  1.8870000000000001e+001	  6.2649999999999999e+001	  3.1829999999999998e+001	  1.5130000000000001e+001	  1.4900000000000000e+001	  5.9500000000000002e+000	  1.6500000000000000e+001	  5.9270000000000003e+001	  1.4640000000000001e+001	  3.3799999999999997e+001	  2.0780000000000001e+001	  2.4289999999999999e+001	  7.1150000000000006e+001	  3.7999999999999998e+000	  2.0590000000000000e+001	  2.8300000000000001e+000	  7.1189999999999998e+001	  5.4250000000000000e+001	  7.9560000000000002e+001	  5.6829999999999998e+001	  1.9329999999999998e+001	  1.9260000000000002e+001	  5.9920000000000002e+001	  4.4799999999999997e+001	  8.0800000000000001e+000	  5.2719999999999999e+001	  2.9489999999999998e+001	  4.4700000000000003e+001	  5.7829999999999998e+001	  1.9180000000000000e+001	  1.3369999999999999e+001	  2.7000000000000002e+000	  3.3900000000000001e+000	  2.1020000000000000e+001	
  7.3236400000000000e+005	  1.8600000000000001e+001	  1.9899999999999999e+001	  9.7500000000000000e+000	  5.8340000000000003e+001	  1.4279999999999999e+001	  9.0670000000000002e+001	  5.2920000000000002e+001	  2.4890000000000001e+001	  1.1529999999999999e+001	  3.3119999999999997e+001	  4.9570000000000000e+001	  3.6850000000000001e+001	  9.5500000000000007e+000	  1.9609999999999999e+001	  6.2990000000000002e+001	  3.1559999999999999e+001	  1.5080000000000000e+001	  1.4240000000000000e+001	  5.7199999999999998e+000	  1.6350000000000001e+001	  5.6820000000000000e+001	  1.4330000000000000e+001	  3.4439999999999998e+001	  2.0410000000000000e+001	  2.4320000000000000e+001	  7.0489999999999995e+001	  3.7200000000000002e+000	  2.0690000000000001e+001	  2.8300000000000001e+000	  6.9760000000000005e+001	  5.3009999999999998e+001	  8.1019999999999996e+001	  5.6350000000000001e+001	  1.9379999999999999e+001	  1.9140000000000001e+001	  5.9829999999999998e+001	  4.2840000000000003e+001	  7.9699999999999998e+000	  5.3979999999999997e+001	  2.9710000000000001e+001	  4.3500000000000000e+001	  5.7520000000000003e+001	  1.8320000000000000e+001	  1.3210000000000001e+001	  2.6800000000000002e+000	  3.3500000000000001e+000	  2.0719999999999999e+001	
  7.3237100000000000e+005	  1.8730000000000000e+001	  2.0379999999999999e+001	  9.6099999999999994e+000	  5.8420000000000002e+001	  1.4810000000000000e+001	  9.2930000000000007e+001	  5.3990000000000002e+001	  2.4940000000000001e+001	  1.1570000000000000e+001	  3.3500000000000000e+001	  4.9930000000000000e+001	  3.7549999999999997e+001	  9.5099999999999998e+000	  2.0109999999999999e+001	  6.4329999999999998e+001	  3.1350000000000001e+001	  1.5010000000000000e+001	  1.4570000000000000e+001	  5.7500000000000000e+000	  1.7309999999999999e+001	  5.7689999999999998e+001	  1.4440000000000000e+001	  3.5000000000000000e+001	  2.0440000000000001e+001	  2.4210000000000001e+001	  7.0180000000000007e+001	  3.7599999999999998e+000	  2.1440000000000001e+001	  2.8500000000000001e+000	  6.9099999999999994e+001	  5.4630000000000003e+001	  8.2540000000000006e+001	  5.7159999999999997e+001	  1.9989999999999998e+001	  1.9920000000000002e+001	  5.9310000000000002e+001	  4.2539999999999999e+001	  8.1600000000000001e+000	  5.7310000000000002e+001	  2.9760000000000002e+001	  4.3280000000000001e+001	  6.0000000000000000e+001	  1.8500000000000000e+001	  1.3140000000000001e+001	  2.6200000000000001e+000	  3.2999999999999998e+000	  2.0609999999999999e+001	
  7.3237800000000000e+005	  1.8250000000000000e+001	  1.9370000000000001e+001	  9.6099999999999994e+000	  5.8539999999999999e+001	  1.4199999999999999e+001	  9.4019999999999996e+001	  5.2670000000000002e+001	  2.4690000000000001e+001	  1.1369999999999999e+001	  3.3100000000000001e+001	  4.9789999999999999e+001	  3.8149999999999999e+001	  9.4399999999999995e+000	  2.0149999999999999e+001	  6.4799999999999997e+001	  3.1129999999999999e+001	  1.4520000000000000e+001	  1.4410000000000000e+001	  5.7199999999999998e+000	  1.6730000000000000e+001	  5.4229999999999997e+001	  1.4699999999999999e+001	  3.4399999999999999e+001	  1.9980000000000000e+001	  2.4410000000000000e+001	  7.0579999999999998e+001	  3.6400000000000001e+000	  2.1090000000000000e+001	  2.7799999999999998e+000	  6.8069999999999993e+001	  5.4149999999999999e+001	  8.2109999999999999e+001	  5.7880000000000003e+001	  1.9489999999999998e+001	  1.9440000000000001e+001	  6.0140000000000001e+001	  4.0869999999999997e+001	  8.0000000000000000e+000	  5.6009999999999998e+001	  2.9609999999999999e+001	  4.3350000000000001e+001	  5.9859999999999999e+001	  1.8579999999999998e+001	  1.2880000000000001e+001	  2.5699999999999998e+000	  3.3500000000000001e+000	  2.0180000000000000e+001	
  7.3238500000000000e+005	  1.7960000000000001e+001	  1.9160000000000000e+001	  9.2899999999999991e+000	  5.9899999999999999e+001	  1.4350000000000000e+001	  9.3079999999999998e+001	  5.1359999999999999e+001	  2.4030000000000001e+001	  1.1090000000000000e+001	  3.3399999999999999e+001	  4.9609999999999999e+001	  3.7380000000000003e+001	  9.2200000000000006e+000	  2.0059999999999999e+001	  6.3320000000000000e+001	  3.0239999999999998e+001	  1.4560000000000000e+001	  1.4609999999999999e+001	  5.8300000000000001e+000	  1.7059999999999999e+001	  5.5259999999999998e+001	  1.4859999999999999e+001	  3.5000000000000000e+001	  2.0059999999999999e+001	  2.4180000000000000e+001	  7.0540000000000006e+001	  3.7200000000000002e+000	  2.1020000000000000e+001	  2.8399999999999999e+000	  6.7629999999999995e+001	  5.4289999999999999e+001	  8.1530000000000001e+001	  5.7259999999999998e+001	  1.9329999999999998e+001	  1.9280000000000001e+001	  5.9009999999999998e+001	  4.2689999999999998e+001	  7.9600000000000000e+000	  5.6859999999999999e+001	  2.9260000000000002e+001	  4.3560000000000002e+001	  5.8950000000000003e+001	  1.8300000000000001e+001	  1.2670000000000000e+001	  2.5200000000000000e+000	  3.4199999999999999e+000	  2.0309999999999999e+001	
  7.3239200000000000e+005	  1.7910000000000000e+001	  1.9079999999999998e+001	  9.3100000000000005e+000	  6.0420000000000002e+001	  1.4670000000000000e+001	  9.3709999999999994e+001	  5.1399999999999999e+001	  2.3879999999999999e+001	  1.1029999999999999e+001	  3.3420000000000002e+001	  5.0020000000000003e+001	  3.8130000000000003e+001	  9.0800000000000001e+000	  2.0030000000000001e+001	  6.2520000000000003e+001	  3.0879999999999999e+001	  1.4650000000000000e+001	  1.4680000000000000e+001	  5.9400000000000004e+000	  1.6750000000000000e+001	  5.5049999999999997e+001	  1.4949999999999999e+001	  3.4439999999999998e+001	  2.0280000000000001e+001	  2.4100000000000001e+001	  7.0840000000000003e+001	  3.7599999999999998e+000	  2.1050000000000001e+001	  2.9700000000000002e+000	  6.7500000000000000e+001	  5.3909999999999997e+001	  8.1269999999999996e+001	  5.7920000000000002e+001	  1.9550000000000001e+001	  1.9030000000000001e+001	  6.1310000000000002e+001	  4.3310000000000002e+001	  8.0399999999999991e+000	  5.8890000000000001e+001	  2.9949999999999999e+001	  4.3329999999999998e+001	  5.9159999999999997e+001	  1.8789999999999999e+001	  1.2710000000000001e+001	  2.6299999999999999e+000	  3.4600000000000000e+000	  2.0239999999999998e+001	
  7.3239900000000000e+005	  1.7140000000000001e+001	  1.8550000000000001e+001	  9.1699999999999999e+000	  5.9939999999999998e+001	  1.4609999999999999e+001	  9.3700000000000003e+001	  5.1960000000000001e+001	  2.4140000000000001e+001	  1.1160000000000000e+001	  3.3719999999999999e+001	  4.9340000000000003e+001	  3.8700000000000003e+001	  8.9399999999999995e+000	  2.0000000000000000e+001	  6.3289999999999999e+001	  3.0840000000000000e+001	  1.4609999999999999e+001	  1.4650000000000000e+001	  5.8899999999999997e+000	  1.7170000000000002e+001	  5.6119999999999997e+001	  1.4770000000000000e+001	  3.4759999999999998e+001	  2.0379999999999999e+001	  2.3940000000000001e+001	  7.0540000000000006e+001	  3.7999999999999998e+000	  2.0780000000000001e+001	  2.9900000000000002e+000	  6.6920000000000002e+001	  5.4479999999999997e+001	  8.1760000000000005e+001	  5.8070000000000000e+001	  1.9469999999999999e+001	  1.9180000000000000e+001	  6.0700000000000003e+001	  4.4109999999999999e+001	  7.9000000000000004e+000	  5.8930000000000000e+001	  2.9879999999999999e+001	  4.3789999999999999e+001	  5.9020000000000003e+001	  1.8760000000000002e+001	  1.2500000000000000e+001	  2.6400000000000001e+000	  3.4199999999999999e+000	  2.0390000000000001e+001	
  7.3240600000000000e+005	  1.7489999999999998e+001	  1.8829999999999998e+001	  9.1799999999999997e+000	  6.0619999999999997e+001	  1.4810000000000000e+001	  9.2730000000000004e+001	  5.2680000000000000e+001	  2.4770000000000000e+001	  1.1300000000000001e+001	  3.3180000000000000e+001	  4.9609999999999999e+001	  3.8840000000000003e+001	  8.9700000000000006e+000	  2.0030000000000001e+001	  6.3619999999999997e+001	  3.0699999999999999e+001	  1.4630000000000001e+001	  1.4470000000000001e+001	  5.9400000000000004e+000	  1.7340000000000000e+001	  5.6729999999999997e+001	  1.5039999999999999e+001	  3.5119999999999997e+001	  2.0239999999999998e+001	  2.4100000000000001e+001	  7.1150000000000006e+001	  3.8799999999999999e+000	  2.0890000000000001e+001	  3.0000000000000000e+000	  6.7579999999999998e+001	  5.5430000000000000e+001	  8.0920000000000002e+001	  5.8350000000000001e+001	  1.9609999999999999e+001	  1.9379999999999999e+001	  6.1439999999999998e+001	  4.4719999999999999e+001	  8.0199999999999996e+000	  6.0780000000000001e+001	  2.9230000000000000e+001	  4.3380000000000003e+001	  5.9700000000000003e+001	  1.9440000000000001e+001	  1.2619999999999999e+001	  2.6699999999999999e+000	  3.4700000000000002e+000	  2.0890000000000001e+001	
  7.3241300000000000e+005	  1.7230000000000000e+001	  1.8590000000000000e+001	  9.0299999999999994e+000	  5.8840000000000003e+001	  1.4949999999999999e+001	  8.9659999999999997e+001	  4.8990000000000002e+001	  2.4039999999999999e+001	  1.1000000000000000e+001	  3.3219999999999999e+001	  4.8439999999999998e+001	  3.8490000000000002e+001	  8.5299999999999994e+000	  1.9190000000000001e+001	  6.2280000000000001e+001	  2.9289999999999999e+001	  1.4670000000000000e+001	  1.4279999999999999e+001	  5.8600000000000003e+000	  1.6680000000000000e+001	  5.7619999999999997e+001	  1.4859999999999999e+001	  3.3840000000000003e+001	  2.0059999999999999e+001	  2.3620000000000001e+001	  7.0269999999999996e+001	  3.7999999999999998e+000	  2.0550000000000001e+001	  2.8799999999999999e+000	  6.4200000000000003e+001	  5.3490000000000002e+001	  7.8189999999999998e+001	  5.7259999999999998e+001	  1.8760000000000002e+001	  1.8940000000000001e+001	  5.8700000000000003e+001	  4.5560000000000002e+001	  7.7300000000000004e+000	  6.1460000000000001e+001	  2.8020000000000000e+001	  4.2750000000000000e+001	  5.8509999999999998e+001	  1.9120000000000001e+001	  1.2279999999999999e+001	  2.5600000000000001e+000	  3.4100000000000001e+000	  2.0300000000000001e+001	
  7.3242000000000000e+005	  1.6829999999999998e+001	  1.8399999999999999e+001	  8.8200000000000003e+000	  5.8380000000000003e+001	  1.4690000000000000e+001	  8.7659999999999997e+001	  4.8850000000000001e+001	  2.3260000000000002e+001	  1.0820000000000000e+001	  3.2439999999999998e+001	  4.7450000000000003e+001	  3.7549999999999997e+001	  8.6600000000000001e+000	  1.9070000000000000e+001	  5.9789999999999999e+001	  2.8489999999999998e+001	  1.4560000000000000e+001	  1.4130000000000001e+001	  5.8600000000000003e+000	  1.6510000000000002e+001	  5.5939999999999998e+001	  1.4609999999999999e+001	  3.3520000000000003e+001	  2.0109999999999999e+001	  2.3090000000000000e+001	  6.9340000000000003e+001	  3.7599999999999998e+000	  1.9850000000000001e+001	  2.8399999999999999e+000	  6.3539999999999999e+001	  5.2869999999999997e+001	  7.6299999999999997e+001	  5.3770000000000003e+001	  1.8260000000000002e+001	  1.8489999999999998e+001	  5.7700000000000003e+001	  4.4399999999999999e+001	  7.7100000000000000e+000	  6.0289999999999999e+001	  2.9510000000000002e+001	  4.1549999999999997e+001	  5.6420000000000002e+001	  1.8780000000000001e+001	  1.2420000000000000e+001	  2.5099999999999998e+000	  3.4900000000000002e+000	  2.0390000000000001e+001	
  7.3242700000000000e+005	  1.6870000000000001e+001	  1.7699999999999999e+001	  8.7799999999999994e+000	  5.8420000000000002e+001	  1.4310000000000000e+001	  8.7829999999999998e+001	  4.8659999999999997e+001	  2.3730000000000000e+001	  1.0640000000000001e+001	  3.1960000000000001e+001	  4.5829999999999998e+001	  3.6000000000000000e+001	  7.8499999999999996e+000	  1.8379999999999999e+001	  5.9219999999999999e+001	  2.8480000000000000e+001	  1.3699999999999999e+001	  1.4199999999999999e+001	  5.8399999999999999e+000	  1.6489999999999998e+001	  5.6820000000000000e+001	  1.4430000000000000e+001	  3.3039999999999999e+001	  1.9980000000000000e+001	  2.2840000000000000e+001	  6.7849999999999994e+001	  3.7599999999999998e+000	  1.9460000000000001e+001	  2.8900000000000001e+000	  6.2509999999999998e+001	  5.1689999999999998e+001	  7.6319999999999993e+001	  5.3060000000000002e+001	  1.7920000000000002e+001	  1.8309999999999999e+001	  5.6270000000000003e+001	  4.5000000000000000e+001	  7.6100000000000003e+000	  6.1590000000000003e+001	  2.9420000000000002e+001	  4.0509999999999998e+001	  5.4570000000000000e+001	  1.9120000000000001e+001	  1.2279999999999999e+001	  2.4600000000000000e+000	  3.4300000000000002e+000	  2.0100000000000001e+001	
  7.3243400000000000e+005	  1.7120000000000001e+001	  1.8500000000000000e+001	  9.0800000000000001e+000	  6.0200000000000003e+001	  1.4940000000000000e+001	  9.2159999999999997e+001	  5.0979999999999997e+001	  2.4879999999999999e+001	  1.1050000000000001e+001	  3.3100000000000001e+001	  4.7810000000000002e+001	  3.7280000000000001e+001	  8.1699999999999999e+000	  1.9379999999999999e+001	  6.0509999999999998e+001	  2.9559999999999999e+001	  1.4060000000000000e+001	  1.4460000000000001e+001	  5.8799999999999999e+000	  1.6789999999999999e+001	  5.8439999999999998e+001	  1.4890000000000001e+001	  3.4119999999999997e+001	  2.0590000000000000e+001	  2.2949999999999999e+001	  7.0049999999999997e+001	  3.8399999999999999e+000	  1.9940000000000001e+001	  2.9100000000000001e+000	  6.3619999999999997e+001	  5.2869999999999997e+001	  7.9689999999999998e+001	  5.4630000000000003e+001	  1.8539999999999999e+001	  1.8809999999999999e+001	  5.8090000000000003e+001	  4.5759999999999998e+001	  7.9199999999999999e+000	  6.3390000000000001e+001	  3.0910000000000000e+001	  4.2299999999999997e+001	  5.5390000000000001e+001	  1.9649999999999999e+001	  1.2609999999999999e+001	  2.4800000000000000e+000	  3.5299999999999998e+000	  2.1100000000000001e+001	
  7.3244100000000000e+005	  1.7020000000000000e+001	  1.8930000000000000e+001	  8.8399999999999999e+000	  5.9560000000000002e+001	  1.4630000000000001e+001	  8.9099999999999994e+001	  4.9840000000000003e+001	  2.5120000000000001e+001	  1.1130000000000001e+001	  3.3140000000000001e+001	  4.8490000000000002e+001	  3.6700000000000003e+001	  8.0600000000000005e+000	  1.8960000000000001e+001	  5.7820000000000000e+001	  2.9859999999999999e+001	  1.3930000000000000e+001	  1.4670000000000000e+001	  5.7100000000000000e+000	  1.6530000000000001e+001	  5.8049999999999997e+001	  1.4859999999999999e+001	  3.3439999999999998e+001	  2.0120000000000001e+001	  2.2719999999999999e+001	  6.8900000000000006e+001	  3.7999999999999998e+000	  2.0160000000000000e+001	  2.8999999999999999e+000	  6.3310000000000002e+001	  5.4439999999999998e+001	  7.5709999999999994e+001	  5.5380000000000003e+001	  1.8850000000000001e+001	  1.8420000000000002e+001	  6.0659999999999997e+001	  4.5409999999999997e+001	  7.8499999999999996e+000	  6.2990000000000002e+001	  3.1070000000000000e+001	  4.1820000000000000e+001	  5.5229999999999997e+001	  2.0079999999999998e+001	  1.2410000000000000e+001	  2.4600000000000000e+000	  3.5299999999999998e+000	  2.1250000000000000e+001	
  7.3244800000000000e+005	  1.7170000000000002e+001	  1.9199999999999999e+001	  9.2100000000000009e+000	  6.2759999999999998e+001	  1.4810000000000000e+001	  9.0560000000000002e+001	  5.1109999999999999e+001	  2.5949999999999999e+001	  1.1230000000000000e+001	  3.3979999999999997e+001	  4.9340000000000003e+001	  3.9109999999999999e+001	  8.7400000000000002e+000	  1.9170000000000002e+001	  5.9369999999999997e+001	  3.0570000000000000e+001	  1.3960000000000001e+001	  1.4779999999999999e+001	  5.7400000000000002e+000	  1.7079999999999998e+001	  5.8600000000000001e+001	  1.5300000000000001e+001	  3.3920000000000002e+001	  2.0850000000000001e+001	  2.2780000000000001e+001	  7.0049999999999997e+001	  3.8799999999999999e+000	  2.0649999999999999e+001	  2.8500000000000001e+000	  6.5140000000000001e+001	  5.5780000000000001e+001	  7.7069999999999993e+001	  5.6100000000000001e+001	  1.9469999999999999e+001	  1.8609999999999999e+001	  6.2579999999999998e+001	  4.6020000000000003e+001	  7.8799999999999999e+000	  6.3840000000000003e+001	  3.2009999999999998e+001	  4.3119999999999997e+001	  5.6609999999999999e+001	  2.0510000000000002e+001	  1.2810000000000000e+001	  2.5000000000000000e+000	  3.5299999999999998e+000	  2.1850000000000001e+001	
  7.3245500000000000e+005	  1.7270000000000000e+001	  1.8809999999999999e+001	  9.5600000000000005e+000	  6.3219999999999999e+001	  1.5420000000000000e+001	  9.1430000000000007e+001	  5.2119999999999997e+001	  2.6079999999999998e+001	  1.1199999999999999e+001	  3.4380000000000003e+001	  5.1240000000000002e+001	  3.9070000000000000e+001	  8.4299999999999997e+000	  1.9260000000000002e+001	  6.0359999999999999e+001	  3.0340000000000000e+001	  1.4310000000000000e+001	  1.4810000000000000e+001	  5.8799999999999999e+000	  1.7629999999999999e+001	  6.2130000000000003e+001	  1.5480000000000000e+001	  3.6880000000000003e+001	  2.0640000000000001e+001	  2.3699999999999999e+001	  7.3579999999999998e+001	  3.8399999999999999e+000	  2.0930000000000000e+001	  2.8700000000000001e+000	  6.5540000000000006e+001	  5.5880000000000003e+001	  7.8120000000000005e+001	  5.7509999999999998e+001	  1.9530000000000001e+001	  1.9219999999999999e+001	  6.2130000000000003e+001	  4.8979999999999997e+001	  7.9000000000000004e+000	  6.5239999999999995e+001	  3.2350000000000001e+001	  4.3469999999999999e+001	  5.6710000000000001e+001	  2.0670000000000002e+001	  1.2750000000000000e+001	  2.4700000000000002e+000	  3.4399999999999999e+000	  2.1739999999999998e+001	
  7.3246200000000000e+005	  1.7820000000000000e+001	  1.9520000000000000e+001	  9.7300000000000004e+000	  6.3219999999999999e+001	  1.5310000000000000e+001	  9.2840000000000003e+001	  5.3549999999999997e+001	  2.6640000000000001e+001	  1.1470000000000001e+001	  3.4240000000000002e+001	  5.2539999999999999e+001	  3.9119999999999997e+001	  8.7100000000000009e+000	  1.9609999999999999e+001	  6.1539999999999999e+001	  3.1039999999999999e+001	  1.4279999999999999e+001	  1.5020000000000000e+001	  5.8600000000000003e+000	  1.8000000000000000e+001	  6.1820000000000000e+001	  1.5789999999999999e+001	  3.7759999999999998e+001	  2.0890000000000001e+001	  2.4100000000000001e+001	  7.4959999999999994e+001	  3.9600000000000000e+000	  2.1160000000000000e+001	  3.0099999999999998e+000	  6.6680000000000007e+001	  5.8570000000000000e+001	  7.9469999999999999e+001	  5.8859999999999999e+001	  1.9890000000000001e+001	  1.9050000000000001e+001	  6.3430000000000000e+001	  4.9130000000000003e+001	  8.0299999999999994e+000	  6.6359999999999999e+001	  3.3000000000000000e+001	  4.3859999999999999e+001	  5.8270000000000003e+001	  2.1430000000000000e+001	  1.2820000000000000e+001	  2.4600000000000000e+000	  3.4199999999999999e+000	  2.1870000000000001e+001	
  7.3246900000000000e+005	  1.8050000000000001e+001	  1.9090000000000000e+001	  9.7100000000000009e+000	  6.3880000000000003e+001	  1.5350000000000000e+001	  9.3920000000000002e+001	  5.4590000000000003e+001	  2.7340000000000000e+001	  1.1380000000000001e+001	  3.4159999999999997e+001	  5.2680000000000000e+001	  3.8289999999999999e+001	  8.7200000000000006e+000	  1.9399999999999999e+001	  6.2740000000000002e+001	  3.1800000000000001e+001	  1.4140000000000001e+001	  1.5199999999999999e+001	  5.9699999999999998e+000	  1.8230000000000000e+001	  6.2649999999999999e+001	  1.5940000000000000e+001	  3.8560000000000002e+001	  2.0469999999999999e+001	  2.5059999999999999e+001	  7.6010000000000005e+001	  3.9600000000000000e+000	  2.1180000000000000e+001	  3.0099999999999998e+000	  6.9209999999999994e+001	  5.9670000000000002e+001	  8.1659999999999997e+001	  5.9250000000000000e+001	  2.0710000000000001e+001	  1.8760000000000002e+001	  6.2579999999999998e+001	  5.0950000000000003e+001	  8.0299999999999994e+000	  6.5319999999999993e+001	  3.3350000000000001e+001	  4.3090000000000003e+001	  6.0159999999999997e+001	  2.1070000000000000e+001	  1.2720000000000001e+001	  2.4300000000000002e+000	  3.3999999999999999e+000	  2.2030000000000001e+001	
  7.3247600000000000e+005	  1.8520000000000000e+001	  1.9449999999999999e+001	  9.7899999999999991e+000	  6.4099999999999994e+001	  1.5900000000000000e+001	  9.4560000000000002e+001	  5.5170000000000002e+001	  2.6820000000000000e+001	  1.1510000000000000e+001	  3.3979999999999997e+001	  5.3049999999999997e+001	  3.8280000000000001e+001	  9.1600000000000001e+000	  1.9699999999999999e+001	  6.2899999999999999e+001	  3.1910000000000000e+001	  1.4160000000000000e+001	  1.5289999999999999e+001	  5.8600000000000003e+000	  1.8660000000000000e+001	  6.2619999999999997e+001	  1.6250000000000000e+001	  3.9840000000000003e+001	  2.0590000000000000e+001	  2.4890000000000001e+001	  7.7530000000000001e+001	  4.0000000000000000e+000	  2.1410000000000000e+001	  2.9600000000000000e+000	  7.0450000000000003e+001	  6.0490000000000002e+001	  8.1670000000000002e+001	  5.8430000000000000e+001	  1.9920000000000002e+001	  1.9800000000000001e+001	  6.3210000000000001e+001	  5.0439999999999998e+001	  8.1300000000000008e+000	  6.3170000000000002e+001	  3.3520000000000003e+001	  4.3770000000000003e+001	  6.0219999999999999e+001	  2.0750000000000000e+001	  1.3190000000000000e+001	  2.4399999999999999e+000	  3.6600000000000001e+000	  2.2649999999999999e+001	
  7.3248300000000000e+005	  1.8489999999999998e+001	  1.8949999999999999e+001	  9.6699999999999999e+000	  6.3299999999999997e+001	  1.6190000000000001e+001	  9.2969999999999999e+001	  5.3299999999999997e+001	  2.6530000000000001e+001	  1.1310000000000000e+001	  3.3140000000000001e+001	  5.2680000000000000e+001	  3.8289999999999999e+001	  8.6799999999999997e+000	  2.0199999999999999e+001	  6.1689999999999998e+001	  3.1840000000000000e+001	  1.3930000000000000e+001	  1.5660000000000000e+001	  5.9100000000000001e+000	  1.8820000000000000e+001	  6.3619999999999997e+001	  1.6010000000000002e+001	  4.0079999999999998e+001	  2.0340000000000000e+001	  2.4660000000000000e+001	  7.6659999999999997e+001	  4.0000000000000000e+000	  2.1180000000000000e+001	  2.9300000000000002e+000	  6.8750000000000000e+001	  6.0969999999999999e+001	  7.9390000000000001e+001	  5.7259999999999998e+001	  1.9910000000000000e+001	  1.9910000000000000e+001	  6.3789999999999999e+001	  5.0810000000000002e+001	  8.0899999999999999e+000	  6.2109999999999999e+001	  3.4009999999999998e+001	  4.3460000000000001e+001	  5.9619999999999997e+001	  2.0739999999999998e+001	  1.2690000000000000e+001	  2.3700000000000001e+000	  3.6000000000000001e+000	  2.2440000000000001e+001	
  7.3249000000000000e+005	  1.8949999999999999e+001	  1.8920000000000002e+001	  9.8000000000000007e+000	  6.3380000000000003e+001	  1.6079999999999998e+001	  9.2620000000000005e+001	  5.4090000000000003e+001	  2.6649999999999999e+001	  1.1470000000000001e+001	  3.3299999999999997e+001	  5.3289999999999999e+001	  3.8789999999999999e+001	  8.6199999999999992e+000	  2.0170000000000002e+001	  6.2990000000000002e+001	  3.1699999999999999e+001	  1.4590000000000000e+001	  1.6399999999999999e+001	  6.0499999999999998e+000	  1.8890000000000001e+001	  6.4640000000000001e+001	  1.6350000000000001e+001	  4.0439999999999998e+001	  2.1780000000000001e+001	  2.4829999999999998e+001	  7.8079999999999998e+001	  4.3600000000000003e+000	  2.1809999999999999e+001	  2.9800000000000000e+000	  7.2200000000000003e+001	  6.2310000000000002e+001	  7.9390000000000001e+001	  5.8039999999999999e+001	  1.9920000000000002e+001	  2.0050000000000001e+001	  6.5569999999999993e+001	  5.2640000000000001e+001	  8.2699999999999996e+000	  6.3170000000000002e+001	  3.5070000000000000e+001	  4.4359999999999999e+001	  5.8579999999999998e+001	  2.1210000000000001e+001	  1.2869999999999999e+001	  2.4500000000000002e+000	  3.6600000000000001e+000	  2.3210000000000001e+001	
  7.3249700000000000e+005	  1.8770000000000000e+001	  1.8590000000000000e+001	  9.9399999999999995e+000	  6.2140000000000001e+001	  1.6020000000000000e+001	  9.4829999999999998e+001	  5.2920000000000002e+001	  2.5949999999999999e+001	  1.1420000000000000e+001	  3.7200000000000003e+001	  5.3240000000000002e+001	  3.7920000000000002e+001	  8.5700000000000003e+000	  2.0280000000000001e+001	  6.2659999999999997e+001	  3.1460000000000001e+001	  1.4529999999999999e+001	  1.5859999999999999e+001	  5.9600000000000000e+000	  2.0300000000000001e+001	  6.4109999999999999e+001	  1.6210000000000001e+001	  4.2439999999999998e+001	  2.2020000000000000e+001	  2.4410000000000000e+001	  7.7480000000000004e+001	  4.3200000000000003e+000	  2.1800000000000001e+001	  3.0400000000000000e+000	  7.2060000000000002e+001	  6.1689999999999998e+001	  7.9510000000000005e+001	  5.7549999999999997e+001	  2.0250000000000000e+001	  2.1570000000000000e+001	  6.4900000000000006e+001	  5.1789999999999999e+001	  8.2599999999999998e+000	  6.3490000000000002e+001	  3.4009999999999998e+001	  4.3820000000000000e+001	  5.9409999999999997e+001	  2.1149999999999999e+001	  1.2699999999999999e+001	  2.3700000000000001e+000	  3.6200000000000001e+000	  2.3170000000000002e+001	
  7.3250400000000000e+005	  1.9149999999999999e+001	  1.9500000000000000e+001	  1.0390000000000001e+001	  6.2359999999999999e+001	  1.5960000000000001e+001	  9.6040000000000006e+001	  5.4430000000000000e+001	  2.6949999999999999e+001	  1.1840000000000000e+001	  3.6399999999999999e+001	  5.5710000000000001e+001	  3.7390000000000001e+001	  9.4499999999999993e+000	  2.1100000000000001e+001	  6.6609999999999999e+001	  3.2729999999999997e+001	  1.4800000000000001e+001	  1.5859999999999999e+001	  5.8600000000000003e+000	  2.0100000000000001e+001	  6.4030000000000001e+001	  1.6660000000000000e+001	  4.2280000000000001e+001	  2.2120000000000001e+001	  2.4770000000000000e+001	  8.0239999999999995e+001	  4.2800000000000002e+000	  2.2270000000000000e+001	  3.1699999999999999e+000	  7.2629999999999995e+001	  6.3649999999999999e+001	  8.0659999999999997e+001	  6.0219999999999999e+001	  2.1230000000000000e+001	  2.1420000000000002e+001	  6.7939999999999998e+001	  5.2130000000000003e+001	  8.4800000000000004e+000	  6.4950000000000003e+001	  3.5250000000000000e+001	  4.4640000000000001e+001	  6.1549999999999997e+001	  2.0960000000000001e+001	  1.3010000000000000e+001	  2.4500000000000002e+000	  3.6499999999999999e+000	  2.3640000000000001e+001	
  7.3251100000000000e+005	  1.9460000000000001e+001	  2.0379999999999999e+001	  1.0510000000000000e+001	  6.4420000000000002e+001	  1.6530000000000001e+001	  9.9200000000000003e+001	  5.5979999999999997e+001	  2.8239999999999998e+001	  1.2230000000000000e+001	  4.0500000000000000e+001	  5.6649999999999999e+001	  3.7409999999999997e+001	  9.3800000000000008e+000	  2.1370000000000001e+001	  6.8560000000000002e+001	  3.3549999999999997e+001	  1.5080000000000000e+001	  1.6050000000000001e+001	  5.8700000000000001e+000	  2.0160000000000000e+001	  6.6209999999999994e+001	  1.6829999999999998e+001	  4.1920000000000002e+001	  2.1399999999999999e+001	  2.6160000000000000e+001	  8.3000000000000000e+001	  4.2800000000000002e+000	  2.2920000000000002e+001	  3.1699999999999999e+000	  7.4010000000000005e+001	  6.5480000000000004e+001	  8.4280000000000001e+001	  6.2640000000000001e+001	  2.0980000000000000e+001	  2.1539999999999999e+001	  6.7989999999999995e+001	  5.3909999999999997e+001	  8.5399999999999991e+000	  6.4079999999999998e+001	  3.5130000000000003e+001	  4.6240000000000002e+001	  6.3359999999999999e+001	  2.1250000000000000e+001	  1.2890000000000001e+001	  2.4399999999999999e+000	  3.6000000000000001e+000	  2.3210000000000001e+001	
  7.3251800000000000e+005	  1.8969999999999999e+001	  2.0350000000000001e+001	  1.0750000000000000e+001	  6.5260000000000005e+001	  1.6219999999999999e+001	  1.0168000000000001e+002	  5.6899999999999999e+001	  2.8199999999999999e+001	  1.2490000000000000e+001	  3.7359999999999999e+001	  5.5670000000000002e+001	  3.7380000000000003e+001	  9.5999999999999996e+000	  2.1820000000000000e+001	  6.9030000000000001e+001	  3.7649999999999999e+001	  1.5490000000000000e+001	  1.5920000000000000e+001	  5.9100000000000001e+000	  2.0649999999999999e+001	  6.6579999999999998e+001	  1.7039999999999999e+001	  4.2520000000000003e+001	  2.2859999999999999e+001	  2.5899999999999999e+001	  8.2900000000000006e+001	  4.2800000000000002e+000	  2.3039999999999999e+001	  3.1400000000000001e+000	  7.4200000000000003e+001	  6.5810000000000002e+001	  8.6430000000000007e+001	  6.3020000000000003e+001	  2.0989999999999998e+001	  2.1820000000000000e+001	  6.7540000000000006e+001	  5.3920000000000002e+001	  8.7100000000000009e+000	  6.5319999999999993e+001	  3.4280000000000001e+001	  4.7320000000000000e+001	  6.1329999999999998e+001	  2.1289999999999999e+001	  1.3180000000000000e+001	  2.5400000000000000e+000	  3.6299999999999999e+000	  2.3149999999999999e+001	
  7.3252500000000000e+005	  1.8559999999999999e+001	  2.0449999999999999e+001	  1.0490000000000000e+001	  6.4459999999999994e+001	  1.6100000000000001e+001	  1.0040000000000001e+002	  5.6000000000000000e+001	  2.8620000000000001e+001	  1.2310000000000000e+001	  3.8259999999999998e+001	  5.6270000000000003e+001	  3.7020000000000003e+001	  9.4100000000000001e+000	  2.1350000000000001e+001	  6.7109999999999999e+001	  3.7590000000000003e+001	  1.5150000000000000e+001	  1.5720000000000001e+001	  5.7800000000000002e+000	  2.0480000000000000e+001	  6.4959999999999994e+001	  1.6840000000000000e+001	  4.2320000000000000e+001	  2.2469999999999999e+001	  2.5140000000000001e+001	  8.1019999999999996e+001	  4.2400000000000002e+000	  2.2620000000000001e+001	  3.1299999999999999e+000	  7.3670000000000002e+001	  6.3409999999999997e+001	  8.3569999999999993e+001	  6.2009999999999998e+001	  2.0399999999999999e+001	  2.1719999999999999e+001	  6.7000000000000000e+001	  5.2380000000000003e+001	  8.6400000000000006e+000	  6.4310000000000002e+001	  3.3539999999999999e+001	  4.6909999999999997e+001	  6.0340000000000003e+001	  2.0629999999999999e+001	  1.3119999999999999e+001	  2.5000000000000000e+000	  3.6499999999999999e+000	  2.2660000000000000e+001	
  7.3253200000000000e+005	  1.8699999999999999e+001	  2.0180000000000000e+001	  1.0900000000000000e+001	  6.5439999999999998e+001	  1.6500000000000000e+001	  1.0543000000000001e+002	  5.6560000000000002e+001	  2.8379999999999999e+001	  1.2660000000000000e+001	  3.8799999999999997e+001	  5.6549999999999997e+001	  3.7060000000000002e+001	  9.3800000000000008e+000	  2.2100000000000001e+001	  6.8840000000000003e+001	  3.8960000000000001e+001	  1.5140000000000001e+001	  1.5940000000000000e+001	  5.8099999999999996e+000	  2.1309999999999999e+001	  6.8750000000000000e+001	  1.6920000000000002e+001	  4.3680000000000000e+001	  2.2660000000000000e+001	  2.5350000000000001e+001	  8.1760000000000005e+001	  4.2800000000000002e+000	  2.2420000000000002e+001	  3.1099999999999999e+000	  7.4049999999999997e+001	  6.3369999999999997e+001	  8.5319999999999993e+001	  6.1570000000000000e+001	  2.0170000000000002e+001	  2.2789999999999999e+001	  6.7629999999999995e+001	  5.4070000000000000e+001	  8.7300000000000004e+000	  6.4680000000000007e+001	  3.3820000000000000e+001	  4.7420000000000002e+001	  6.1590000000000003e+001	  2.3120000000000001e+001	  1.3090000000000000e+001	  2.4900000000000002e+000	  3.8100000000000001e+000	  2.2750000000000000e+001	
  7.3253900000000000e+005	  1.8699999999999999e+001	  2.0180000000000000e+001	  1.0850000000000000e+001	  6.4099999999999994e+001	  1.6219999999999999e+001	  1.0566000000000000e+002	  5.6189999999999998e+001	  2.7680000000000000e+001	  1.2529999999999999e+001	  4.0299999999999997e+001	  5.6409999999999997e+001	  3.7579999999999998e+001	  9.3599999999999994e+000	  2.1969999999999999e+001	  6.9189999999999998e+001	  3.9570000000000000e+001	  1.4880000000000001e+001	  1.5830000000000000e+001	  5.8499999999999996e+000	  2.1070000000000000e+001	  6.8739999999999995e+001	  1.6850000000000001e+001	  4.3240000000000002e+001	  2.2980000000000000e+001	  2.5320000000000000e+001	  8.1659999999999997e+001	  4.2800000000000002e+000	  2.2460000000000001e+001	  3.1200000000000001e+000	  7.3060000000000002e+001	  6.3079999999999998e+001	  8.4640000000000001e+001	  6.3509999999999998e+001	  2.0300000000000001e+001	  2.2489999999999998e+001	  6.6780000000000001e+001	  5.3719999999999999e+001	  8.6699999999999999e+000	  6.6549999999999997e+001	  3.3829999999999998e+001	  4.7469999999999999e+001	  6.0899999999999999e+001	  2.2870000000000001e+001	  1.3050000000000001e+001	  2.4800000000000000e+000	  3.8300000000000001e+000	  2.3100000000000001e+001	
  7.3254600000000000e+005	  1.8109999999999999e+001	  1.9300000000000001e+001	  1.0500000000000000e+001	  6.2180000000000000e+001	  1.6030000000000001e+001	  1.0009000000000000e+002	  5.4530000000000001e+001	  2.7070000000000000e+001	  1.2160000000000000e+001	  3.8840000000000003e+001	  5.4359999999999999e+001	  3.6380000000000003e+001	  8.9700000000000006e+000	  2.0620000000000001e+001	  6.7019999999999996e+001	  3.9350000000000001e+001	  1.4420000000000000e+001	  1.5480000000000000e+001	  5.8799999999999999e+000	  2.0449999999999999e+001	  6.6439999999999998e+001	  1.6559999999999999e+001	  4.2280000000000001e+001	  2.1859999999999999e+001	  2.4390000000000001e+001	  7.8170000000000002e+001	  4.2000000000000002e+000	  2.1930000000000000e+001	  3.0200000000000000e+000	  7.0730000000000004e+001	  6.2070000000000000e+001	  8.2079999999999998e+001	  6.1520000000000003e+001	  1.9789999999999999e+001	  2.1870000000000001e+001	  6.4280000000000001e+001	  5.2009999999999998e+001	  8.4199999999999999e+000	  6.3259999999999998e+001	  3.2859999999999999e+001	  4.6390000000000001e+001	  5.8899999999999999e+001	  2.1859999999999999e+001	  1.2600000000000000e+001	  2.3900000000000001e+000	  3.7900000000000000e+000	  2.2289999999999999e+001	
  7.3255300000000000e+005	  1.8300000000000001e+001	  1.9449999999999999e+001	  1.0449999999999999e+001	  6.3960000000000001e+001	  1.6239999999999998e+001	  1.0031000000000000e+002	  5.6310000000000002e+001	  2.7800000000000001e+001	  1.2289999999999999e+001	  4.0039999999999999e+001	  5.4780000000000001e+001	  3.6100000000000001e+001	  9.2799999999999994e+000	  2.0719999999999999e+001	  6.8939999999999998e+001	  3.7990000000000002e+001	  1.4420000000000000e+001	  1.5990000000000000e+001	  6.0499999999999998e+000	  2.1230000000000000e+001	  6.8700000000000003e+001	  1.6559999999999999e+001	  4.4600000000000001e+001	  2.1420000000000002e+001	  2.4399999999999999e+001	  8.0420000000000002e+001	  4.2800000000000002e+000	  2.1910000000000000e+001	  3.1099999999999999e+000	  7.2719999999999999e+001	  6.2890000000000001e+001	  8.0939999999999998e+001	  6.1719999999999999e+001	  1.9980000000000000e+001	  2.3180000000000000e+001	  6.2670000000000002e+001	  5.3509999999999998e+001	  8.6199999999999992e+000	  6.2890000000000001e+001	  3.3310000000000002e+001	  4.6880000000000003e+001	  5.9399999999999999e+001	  2.2640000000000001e+001	  1.2720000000000001e+001	  2.3999999999999999e+000	  3.8799999999999999e+000	  2.2260000000000002e+001	
  7.3256000000000000e+005	  1.8670000000000002e+001	  2.1129999999999999e+001	  1.0910000000000000e+001	  6.6099999999999994e+001	  1.6449999999999999e+001	  1.0581000000000000e+002	  5.8359999999999999e+001	  2.9500000000000000e+001	  1.2730000000000000e+001	  4.2460000000000001e+001	  5.7250000000000000e+001	  3.6479999999999997e+001	  9.8000000000000007e+000	  2.1730000000000000e+001	  7.4540000000000006e+001	  3.9270000000000003e+001	  1.4529999999999999e+001	  1.7539999999999999e+001	  6.0899999999999999e+000	  2.1329999999999998e+001	  6.9109999999999999e+001	  1.7079999999999998e+001	  4.4960000000000001e+001	  2.1460000000000001e+001	  2.5390000000000001e+001	  8.3730000000000004e+001	  4.5199999999999996e+000	  2.2510000000000002e+001	  3.0499999999999998e+000	  6.8879999999999995e+001	  6.4709999999999994e+001	  8.3650000000000006e+001	  6.3609999999999999e+001	  2.0800000000000001e+001	  2.4180000000000000e+001	  6.5260000000000005e+001	  5.5240000000000002e+001	  8.8900000000000006e+000	  6.1430000000000000e+001	  3.4490000000000002e+001	  4.6890000000000001e+001	  6.1659999999999997e+001	  2.3010000000000002e+001	  1.3090000000000000e+001	  2.4300000000000002e+000	  3.9399999999999999e+000	  2.2840000000000000e+001	
  7.3256700000000000e+005	  1.8739999999999998e+001	  2.1050000000000001e+001	  1.0920000000000000e+001	  6.6500000000000000e+001	  1.6109999999999999e+001	  1.0380000000000000e+002	  5.8649999999999999e+001	  2.9399999999999999e+001	  1.2539999999999999e+001	  4.2399999999999999e+001	  5.6270000000000003e+001	  3.6439999999999998e+001	  1.0090000000000000e+001	  2.1590000000000000e+001	  7.3379999999999995e+001	  3.9409999999999997e+001	  1.4529999999999999e+001	  1.8300000000000001e+001	  6.0899999999999999e+000	  2.1750000000000000e+001	  6.9299999999999997e+001	  1.7109999999999999e+001	  4.5119999999999997e+001	  2.1719999999999999e+001	  2.5140000000000001e+001	  8.3730000000000004e+001	  4.5599999999999996e+000	  2.2660000000000000e+001	  3.1000000000000001e+000	  6.9069999999999993e+001	  6.5959999999999994e+001	  8.3049999999999997e+001	  6.4670000000000002e+001	  2.0969999999999999e+001	  2.4289999999999999e+001	  6.6239999999999995e+001	  5.5520000000000003e+001	  8.9100000000000001e+000	  6.0509999999999998e+001	  3.4680000000000000e+001	  4.6609999999999999e+001	  6.1570000000000000e+001	  2.2370000000000001e+001	  1.2970000000000001e+001	  2.4399999999999999e+000	  3.9199999999999999e+000	  2.3379999999999999e+001	
  7.3257400000000000e+005	  1.8440000000000001e+001	  2.1030000000000001e+001	  1.0619999999999999e+001	  6.5799999999999997e+001	  1.5949999999999999e+001	  1.0129000000000001e+002	  5.7380000000000003e+001	  2.7960000000000001e+001	  1.2539999999999999e+001	  4.2280000000000001e+001	  5.5899999999999999e+001	  3.5680000000000000e+001	  1.0029999999999999e+001	  2.1140000000000001e+001	  7.2129999999999995e+001	  3.9420000000000002e+001	  1.4170000000000000e+001	  1.8660000000000000e+001	  6.0499999999999998e+000	  2.1570000000000000e+001	  6.6170000000000002e+001	  1.7140000000000001e+001	  4.5359999999999999e+001	  2.1510000000000002e+001	  2.4770000000000000e+001	  8.3319999999999993e+001	  4.5999999999999996e+000	  2.2399999999999999e+001	  3.0600000000000001e+000	  6.8730000000000004e+001	  6.4420000000000002e+001	  8.1000000000000000e+001	  6.1960000000000001e+001	  2.0320000000000000e+001	  2.6390000000000001e+001	  6.6780000000000001e+001	  5.2930000000000000e+001	  8.9199999999999999e+000	  6.0969999999999999e+001	  3.3570000000000000e+001	  4.4710000000000001e+001	  5.9840000000000003e+001	  2.2030000000000001e+001	  1.2830000000000000e+001	  2.4199999999999999e+000	  3.8500000000000001e+000	  2.3020000000000000e+001	
  7.3258100000000000e+005	  1.8789999999999999e+001	  2.1960000000000001e+001	  1.1440000000000000e+001	  6.8159999999999997e+001	  1.6289999999999999e+001	  1.0898000000000000e+002	  6.0689999999999998e+001	  2.9160000000000000e+001	  1.3109999999999999e+001	  4.1039999999999999e+001	  5.9030000000000001e+001	  3.6750000000000000e+001	  1.0560000000000000e+001	  2.2109999999999999e+001	  7.5129999999999995e+001	  4.1420000000000002e+001	  1.4330000000000000e+001	  1.9190000000000001e+001	  6.0000000000000000e+000	  2.1780000000000001e+001	  6.6599999999999994e+001	  1.7370000000000001e+001	  4.6640000000000001e+001	  2.1430000000000000e+001	  2.5190000000000001e+001	  8.7219999999999999e+001	  4.7199999999999998e+000	  2.3359999999999999e+001	  3.0400000000000000e+000	  6.9540000000000006e+001	  6.5859999999999999e+001	  8.5500000000000000e+001	  6.2399999999999999e+001	  2.0730000000000000e+001	  2.5449999999999999e+001	  7.0400000000000006e+001	  5.3710000000000001e+001	  9.4000000000000004e+000	  6.2939999999999998e+001	  3.4759999999999998e+001	  4.5710000000000001e+001	  6.1770000000000003e+001	  2.2609999999999999e+001	  1.2920000000000000e+001	  2.5499999999999998e+000	  3.8900000000000001e+000	  2.3949999999999999e+001	
  7.3258800000000000e+005	  1.8850000000000001e+001	  2.1710000000000001e+001	  1.1430000000000000e+001	  6.7219999999999999e+001	  1.6520000000000000e+001	  1.0881000000000000e+002	  6.1060000000000002e+001	  2.8739999999999998e+001	  1.3029999999999999e+001	  4.0159999999999997e+001	  5.8890000000000001e+001	  3.6990000000000002e+001	  1.0270000000000000e+001	  2.1649999999999999e+001	  7.4329999999999998e+001	  4.0630000000000003e+001	  1.4440000000000000e+001	  1.8660000000000000e+001	  5.8300000000000001e+000	  2.0120000000000001e+001	  6.6939999999999998e+001	  1.7340000000000000e+001	  4.3759999999999998e+001	  2.1149999999999999e+001	  2.4449999999999999e+001	  8.6849999999999994e+001	  4.6799999999999997e+000	  2.2850000000000001e+001	  3.0000000000000000e+000	  6.8689999999999998e+001	  6.3750000000000000e+001	  8.5180000000000007e+001	  6.1670000000000002e+001	  2.0570000000000000e+001	  2.4120000000000001e+001	  6.8879999999999995e+001	  5.2430000000000000e+001	  9.2100000000000009e+000	  6.3719999999999999e+001	  3.4189999999999998e+001	  4.5009999999999998e+001	  6.1100000000000001e+001	  2.2590000000000000e+001	  1.3260000000000000e+001	  2.4700000000000002e+000	  3.7700000000000000e+000	  2.3559999999999999e+001	
  7.3259500000000000e+005	  1.8620000000000001e+001	  2.2160000000000000e+001	  1.1470000000000001e+001	  6.6599999999999994e+001	  1.5740000000000000e+001	  1.1247000000000000e+002	  5.9659999999999997e+001	  2.8280000000000001e+001	  1.2980000000000000e+001	  3.9600000000000001e+001	  5.9820000000000000e+001	  3.6909999999999997e+001	  1.0160000000000000e+001	  2.2149999999999999e+001	  7.3810000000000002e+001	  3.9420000000000002e+001	  1.4520000000000000e+001	  1.8539999999999999e+001	  5.6799999999999997e+000	  1.9710000000000001e+001	  6.5140000000000001e+001	  1.7410000000000000e+001	  4.2000000000000000e+001	  2.1210000000000001e+001	  2.4590000000000000e+001	  8.6810000000000002e+001	  4.5999999999999996e+000	  2.2719999999999999e+001	  3.0400000000000000e+000	  6.7260000000000005e+001	  6.5620000000000005e+001	  8.9099999999999994e+001	  6.0939999999999998e+001	  1.9910000000000000e+001	  2.3359999999999999e+001	  6.8030000000000001e+001	  5.0740000000000002e+001	  9.3100000000000005e+000	  6.2850000000000001e+001	  3.4469999999999999e+001	  4.5560000000000002e+001	  6.0890000000000001e+001	  2.1750000000000000e+001	  1.3230000000000000e+001	  2.3900000000000001e+000	  3.8599999999999999e+000	  2.3300000000000001e+001	
  7.3260200000000000e+005	  1.8039999999999999e+001	  2.1190000000000001e+001	  1.1490000000000000e+001	  6.5079999999999998e+001	  1.5270000000000000e+001	  1.1031999999999999e+002	  5.7079999999999998e+001	  2.7320000000000000e+001	  1.2779999999999999e+001	  3.8200000000000003e+001	  5.8049999999999997e+001	  3.5780000000000001e+001	  9.9100000000000001e+000	  2.1899999999999999e+001	  7.2370000000000005e+001	  3.7320000000000000e+001	  1.4140000000000001e+001	  1.7980000000000000e+001	  5.5700000000000003e+000	  1.9140000000000001e+001	  6.4730000000000004e+001	  1.7149999999999999e+001	  4.1359999999999999e+001	  2.0550000000000001e+001	  2.4109999999999999e+001	  8.3730000000000004e+001	  4.5199999999999996e+000	  2.2109999999999999e+001	  2.9700000000000002e+000	  6.3750000000000000e+001	  6.3509999999999998e+001	  8.7480000000000004e+001	  6.0219999999999999e+001	  2.0239999999999998e+001	  2.2620000000000001e+001	  6.5129999999999995e+001	  5.0250000000000000e+001	  9.1999999999999993e+000	  6.1750000000000000e+001	  3.5310000000000002e+001	  4.3850000000000001e+001	  5.8630000000000003e+001	  2.1129999999999999e+001	  1.3050000000000001e+001	  2.3199999999999998e+000	  3.7900000000000000e+000	  2.2280000000000001e+001	
  7.3260900000000000e+005	  1.8030000000000001e+001	  2.1350000000000001e+001	  1.1420000000000000e+001	  6.6159999999999997e+001	  1.5640000000000001e+001	  1.1178000000000000e+002	  5.7090000000000003e+001	  2.6930000000000000e+001	  1.2980000000000000e+001	  3.7920000000000002e+001	  5.7770000000000003e+001	  3.4979999999999997e+001	  9.0999999999999996e+000	  2.2579999999999998e+001	  7.3370000000000005e+001	  3.8070000000000000e+001	  1.3940000000000000e+001	  1.7410000000000000e+001	  5.4800000000000004e+000	  1.9719999999999999e+001	  6.4000000000000000e+001	  1.6920000000000002e+001	  4.1600000000000001e+001	  1.9420000000000002e+001	  2.3520000000000000e+001	  8.4969999999999999e+001	  4.4400000000000004e+000	  2.2210000000000001e+001	  3.0000000000000000e+000	  6.3700000000000003e+001	  6.3030000000000001e+001	  8.6689999999999998e+001	  5.7890000000000001e+001	  2.0050000000000001e+001	  2.2730000000000000e+001	  6.2710000000000001e+001	  5.0740000000000002e+001	  8.9499999999999993e+000	  5.9780000000000001e+001	  3.4009999999999998e+001	  4.2960000000000001e+001	  5.8340000000000003e+001	  2.0690000000000001e+001	  1.2920000000000000e+001	  2.2200000000000002e+000	  3.7700000000000000e+000	  2.2379999999999999e+001	
  7.3261600000000000e+005	  1.9000000000000000e+001	  2.2500000000000000e+001	  1.2010000000000000e+001	  6.7359999999999999e+001	  1.5770000000000000e+001	  1.1563000000000000e+002	  5.7310000000000002e+001	  2.8010000000000002e+001	  1.3340000000000000e+001	  3.8680000000000000e+001	  6.0850000000000001e+001	  3.5789999999999999e+001	  9.5800000000000001e+000	  2.4149999999999999e+001	  7.6890000000000001e+001	  3.9039999999999999e+001	  1.4130000000000001e+001	  1.7600000000000001e+001	  5.6200000000000001e+000	  2.0359999999999999e+001	  6.5790000000000006e+001	  1.7289999999999999e+001	  4.4600000000000001e+001	  1.9719999999999999e+001	  2.4340000000000000e+001	  8.9750000000000000e+001	  4.4800000000000004e+000	  2.3190000000000001e+001	  3.0600000000000001e+000	  6.4700000000000003e+001	  6.4180000000000007e+001	  9.2459999999999994e+001	  5.8859999999999999e+001	  2.0980000000000000e+001	  2.3960000000000001e+001	  6.3430000000000000e+001	  5.4909999999999997e+001	  9.2200000000000006e+000	  6.1340000000000003e+001	  3.4859999999999999e+001	  4.3409999999999997e+001	  5.9880000000000003e+001	  2.1250000000000000e+001	  1.2090000000000000e+001	  2.2599999999999998e+000	  4.1299999999999999e+000	  2.3550000000000001e+001	
  7.3262300000000000e+005	  1.9480000000000000e+001	  2.3670000000000002e+001	  1.2470000000000001e+001	  6.8280000000000001e+001	  1.6219999999999999e+001	  1.1592000000000000e+002	  5.9159999999999997e+001	  3.0480000000000000e+001	  1.3560000000000000e+001	  3.9140000000000001e+001	  6.3460000000000001e+001	  3.6430000000000000e+001	  9.6400000000000006e+000	  2.4359999999999999e+001	  7.8959999999999994e+001	  4.0020000000000003e+001	  1.3859999999999999e+001	  1.8079999999999998e+001	  5.6699999999999999e+000	  2.0100000000000001e+001	  6.7250000000000000e+001	  1.7850000000000001e+001	  4.2759999999999998e+001	  1.9420000000000002e+001	  2.5079999999999998e+001	  9.1859999999999999e+001	  4.5199999999999996e+000	  2.5300000000000001e+001	  3.1600000000000001e+000	  6.5599999999999994e+001	  6.6920000000000002e+001	  9.5980000000000004e+001	  5.8909999999999997e+001	  2.1480000000000000e+001	  2.3350000000000001e+001	  6.1820000000000000e+001	  5.5039999999999999e+001	  9.3599999999999994e+000	  6.3490000000000002e+001	  3.5439999999999998e+001	  4.3719999999999999e+001	  6.1000000000000000e+001	  2.2350000000000001e+001	  1.2010000000000000e+001	  2.2400000000000002e+000	  4.3300000000000001e+000	  2.3070000000000000e+001	
  7.3263000000000000e+005	  1.9870000000000001e+001	  2.2809999999999999e+001	  1.2220000000000001e+001	  6.8239999999999995e+001	  1.5980000000000000e+001	  1.1825000000000000e+002	  5.9539999999999999e+001	  3.1820000000000000e+001	  1.3539999999999999e+001	  3.8560000000000002e+001	  6.2850000000000001e+001	  3.6149999999999999e+001	  1.0100000000000000e+001	  2.4609999999999999e+001	  7.8650000000000006e+001	  4.0579999999999998e+001	  1.3520000000000000e+001	  1.8649999999999999e+001	  5.7400000000000002e+000	  2.0820000000000000e+001	  6.7189999999999998e+001	  1.8270000000000000e+001	  4.4320000000000000e+001	  1.9079999999999998e+001	  2.5199999999999999e+001	  9.2040000000000006e+001	  4.5599999999999996e+000	  2.5840000000000000e+001	  3.1800000000000002e+000	  6.7170000000000002e+001	  6.8930000000000007e+001	  9.6829999999999998e+001	  5.9880000000000003e+001	  2.1600000000000001e+001	  2.3500000000000000e+001	  5.9539999999999999e+001	  5.5180000000000000e+001	  9.4299999999999997e+000	  6.3439999999999998e+001	  3.5020000000000003e+001	  4.5820000000000000e+001	  6.2619999999999997e+001	  2.2199999999999999e+001	  1.1840000000000000e+001	  2.1899999999999999e+000	  4.3700000000000001e+000	  2.1809999999999999e+001	
  7.3263700000000000e+005	  1.9800000000000001e+001	  2.3100000000000001e+001	  1.2199999999999999e+001	  6.8159999999999997e+001	  1.6640000000000001e+001	  1.1895999999999999e+002	  6.0979999999999997e+001	  3.2049999999999997e+001	  1.3680000000000000e+001	  3.8759999999999998e+001	  6.3460000000000001e+001	  3.5469999999999999e+001	  9.8800000000000008e+000	  2.4719999999999999e+001	  8.0829999999999998e+001	  4.0149999999999999e+001	  1.3630000000000001e+001	  1.8899999999999999e+001	  5.7400000000000002e+000	  2.1260000000000002e+001	  7.0840000000000003e+001	  1.8199999999999999e+001	  4.7439999999999998e+001	  1.9590000000000000e+001	  2.5039999999999999e+001	  9.3609999999999999e+001	  4.5999999999999996e+000	  2.5770000000000000e+001	  3.2700000000000000e+000	  6.8689999999999998e+001	  6.9750000000000000e+001	  9.8269999999999996e+001	  6.0119999999999997e+001	  2.1930000000000000e+001	  2.4520000000000000e+001	  5.9409999999999997e+001	  5.7180000000000000e+001	  9.4800000000000004e+000	  6.3530000000000001e+001	  3.5979999999999997e+001	  4.6689999999999998e+001	  6.2640000000000001e+001	  2.2879999999999999e+001	  1.2029999999999999e+001	  2.2500000000000000e+000	  4.4400000000000004e+000	  2.2059999999999999e+001	
  7.3264400000000000e+005	  2.0020000000000000e+001	  2.3289999999999999e+001	  1.2940000000000000e+001	  7.0120000000000005e+001	  1.7140000000000001e+001	  1.2412000000000000e+002	  6.2020000000000003e+001	  3.3479999999999997e+001	  1.3630000000000001e+001	  4.0000000000000000e+001	  6.3549999999999997e+001	  3.6329999999999998e+001	  1.0300000000000001e+001	  2.5710000000000001e+001	  8.1959999999999994e+001	  4.0789999999999999e+001	  1.3410000000000000e+001	  1.9039999999999999e+001	  5.7800000000000002e+000	  2.1190000000000001e+001	  7.1780000000000001e+001	  1.8620000000000001e+001	  4.7560000000000002e+001	  1.9320000000000000e+001	  2.6430000000000000e+001	  9.4430000000000007e+001	  4.5599999999999996e+000	  2.6960000000000001e+001	  3.2400000000000002e+000	  6.8969999999999999e+001	  7.1049999999999997e+001	  1.0793000000000001e+002	  6.0270000000000003e+001	  2.3280000000000001e+001	  2.4120000000000001e+001	  6.2000000000000000e+001	  5.8399999999999999e+001	  9.5600000000000005e+000	  6.4719999999999999e+001	  3.7659999999999997e+001	  4.7280000000000001e+001	  6.3130000000000003e+001	  2.3199999999999999e+001	  1.2039999999999999e+001	  2.2599999999999998e+000	  4.4600000000000000e+000	  2.2460000000000001e+001	
  7.3265100000000000e+005	  2.0379999999999999e+001	  2.4210000000000001e+001	  1.2730000000000000e+001	  7.0819999999999993e+001	  1.6500000000000000e+001	  1.2165000000000001e+002	  6.1270000000000003e+001	  3.2579999999999998e+001	  1.3310000000000000e+001	  4.0960000000000001e+001	  6.2570000000000000e+001	  3.6500000000000000e+001	  1.0090000000000000e+001	  2.5690000000000001e+001	  8.0640000000000001e+001	  4.0520000000000003e+001	  1.3270000000000000e+001	  1.8500000000000000e+001	  5.8099999999999996e+000	  2.1160000000000000e+001	  7.0099999999999994e+001	  1.8620000000000001e+001	  4.7119999999999997e+001	  1.9199999999999999e+001	  2.6050000000000001e+001	  9.3790000000000006e+001	  4.5599999999999996e+000	  2.6960000000000001e+001	  3.2599999999999998e+000	  7.0109999999999999e+001	  7.1959999999999994e+001	  1.0264000000000000e+002	  5.9880000000000003e+001	  2.3199999999999999e+001	  2.3609999999999999e+001	  5.9859999999999999e+001	  5.7250000000000000e+001	  9.4000000000000004e+000	  6.4719999999999999e+001	  3.7469999999999999e+001	  4.7380000000000003e+001	  6.5329999999999998e+001	  2.3170000000000002e+001	  1.1910000000000000e+001	  2.3199999999999998e+000	  4.4199999999999999e+000	  2.2160000000000000e+001	
  7.3265800000000000e+005	  2.0829999999999998e+001	  2.3980000000000000e+001	  1.2940000000000000e+001	  7.2200000000000003e+001	  1.6570000000000000e+001	  1.2339000000000000e+002	  6.2570000000000000e+001	  3.2990000000000002e+001	  1.3490000000000000e+001	  4.1240000000000002e+001	  6.2950000000000003e+001	  3.8609999999999999e+001	  1.0320000000000000e+001	  2.6340000000000000e+001	  7.9640000000000001e+001	  3.9930000000000000e+001	  1.3240000000000000e+001	  1.8739999999999998e+001	  5.8499999999999996e+000	  2.1420000000000002e+001	  7.4329999999999998e+001	  1.8840000000000000e+001	  4.6759999999999998e+001	  1.8770000000000000e+001	  2.7309999999999999e+001	  9.5989999999999995e+001	  4.5599999999999996e+000	  2.7379999999999999e+001	  3.3500000000000001e+000	  7.1819999999999993e+001	  7.2299999999999997e+001	  1.0291000000000000e+002	  6.0359999999999999e+001	  2.5030000000000001e+001	  2.3730000000000000e+001	  6.0259999999999998e+001	  5.9520000000000003e+001	  9.5299999999999994e+000	  6.5730000000000004e+001	  3.7359999999999999e+001	  4.7740000000000002e+001	  6.8989999999999995e+001	  2.4469999999999999e+001	  1.1859999999999999e+001	  2.2900000000000000e+000	  4.6500000000000004e+000	  2.3489999999999998e+001	
  7.3266500000000000e+005	  2.0940000000000001e+001	  2.4340000000000000e+001	  1.2930000000000000e+001	  7.3239999999999995e+001	  1.6699999999999999e+001	  1.2480000000000000e+002	  6.3049999999999997e+001	  3.4109999999999999e+001	  1.3640000000000001e+001	  4.0899999999999999e+001	  6.4159999999999997e+001	  3.7990000000000002e+001	  1.0279999999999999e+001	  2.6989999999999998e+001	  7.9939999999999998e+001	  4.0159999999999997e+001	  1.3230000000000000e+001	  1.9260000000000002e+001	  5.7999999999999998e+000	  2.1239999999999998e+001	  7.7090000000000003e+001	  1.9399999999999999e+001	  4.6600000000000001e+001	  1.8739999999999998e+001	  2.8030000000000001e+001	  9.7280000000000001e+001	  4.6399999999999997e+000	  2.7980000000000000e+001	  3.4600000000000000e+000	  7.2340000000000003e+001	  7.2489999999999995e+001	  1.0415000000000001e+002	  6.0310000000000002e+001	  2.4890000000000001e+001	  2.3649999999999999e+001	  6.0299999999999997e+001	  6.1439999999999998e+001	  9.7200000000000006e+000	  6.9530000000000001e+001	  3.7180000000000000e+001	  4.8140000000000001e+001	  6.9319999999999993e+001	  2.5070000000000000e+001	  1.2000000000000000e+001	  2.2900000000000000e+000	  4.7699999999999996e+000	  2.3210000000000001e+001	
  7.3267200000000000e+005	  2.0829999999999998e+001	  2.3940000000000001e+001	  1.2740000000000000e+001	  7.2379999999999995e+001	  1.6609999999999999e+001	  1.2411000000000000e+002	  6.2829999999999998e+001	  3.3750000000000000e+001	  1.3650000000000000e+001	  4.0399999999999999e+001	  6.3789999999999999e+001	  3.8000000000000000e+001	  9.9800000000000004e+000	  2.6390000000000001e+001	  7.9069999999999993e+001	  4.0479999999999997e+001	  1.3320000000000000e+001	  1.9149999999999999e+001	  5.7100000000000000e+000	  2.1090000000000000e+001	  7.6150000000000006e+001	  1.9420000000000002e+001	  4.6079999999999998e+001	  1.8840000000000000e+001	  2.8340000000000000e+001	  9.5439999999999998e+001	  4.6799999999999997e+000	  2.7629999999999999e+001	  3.5099999999999998e+000	  7.2200000000000003e+001	  7.2299999999999997e+001	  1.0294000000000000e+002	  6.0799999999999997e+001	  2.4609999999999999e+001	  2.3280000000000001e+001	  6.1549999999999997e+001	  6.1030000000000001e+001	  9.7599999999999998e+000	  6.7739999999999995e+001	  3.7030000000000001e+001	  4.7990000000000002e+001	  6.9760000000000005e+001	  2.4719999999999999e+001	  1.2060000000000000e+001	  2.3199999999999998e+000	  4.8300000000000001e+000	  2.3340000000000000e+001	
  7.3267900000000000e+005	  2.1289999999999999e+001	  2.4940000000000001e+001	  1.2650000000000000e+001	  7.4400000000000006e+001	  1.6980000000000000e+001	  1.3153000000000000e+002	  6.1460000000000001e+001	  3.4490000000000002e+001	  1.4020000000000000e+001	  4.0399999999999999e+001	  6.5840000000000003e+001	  3.9570000000000000e+001	  1.0910000000000000e+001	  2.7530000000000001e+001	  8.1329999999999998e+001	  4.1359999999999999e+001	  1.3570000000000000e+001	  1.9129999999999999e+001	  5.8200000000000003e+000	  2.1579999999999998e+001	  7.6840000000000003e+001	  1.9780000000000001e+001	  4.7119999999999997e+001	  1.9629999999999999e+001	  2.8079999999999998e+001	  9.8200000000000003e+001	  4.9199999999999999e+000	  2.8329999999999998e+001	  3.5200000000000000e+000	  7.3200000000000003e+001	  7.4269999999999996e+001	  1.0223999999999999e+002	  6.1189999999999998e+001	  2.5539999999999999e+001	  2.4270000000000000e+001	  6.4010000000000005e+001	  6.0640000000000001e+001	  9.9000000000000004e+000	  7.1769999999999996e+001	  3.8600000000000001e+001	  4.9430000000000000e+001	  7.2400000000000006e+001	  2.5910000000000000e+001	  1.2420000000000000e+001	  2.4700000000000002e+000	  4.7699999999999996e+000	  2.3359999999999999e+001	
  7.3268600000000000e+005	  2.0949999999999999e+001	  2.5469999999999999e+001	  1.2190000000000000e+001	  7.3819999999999993e+001	  1.6800000000000001e+001	  1.2579000000000001e+002	  6.0810000000000002e+001	  3.3799999999999997e+001	  1.3960000000000001e+001	  3.9880000000000003e+001	  6.7049999999999997e+001	  3.8070000000000000e+001	  1.0529999999999999e+001	  2.6239999999999998e+001	  8.2680000000000007e+001	  4.2320000000000000e+001	  1.2900000000000000e+001	  1.9379999999999999e+001	  5.8200000000000003e+000	  2.1989999999999998e+001	  7.7819999999999993e+001	  2.0120000000000001e+001	  4.8200000000000003e+001	  1.7510000000000002e+001	  2.7170000000000002e+001	  9.8379999999999995e+001	  4.9199999999999999e+000	  2.7570000000000000e+001	  3.5400000000000000e+000	  7.1819999999999993e+001	  7.4219999999999999e+001	  1.0075000000000000e+002	  6.2729999999999997e+001	  2.4539999999999999e+001	  2.4289999999999999e+001	  6.7000000000000000e+001	  6.1609999999999999e+001	  9.8800000000000008e+000	  7.1129999999999995e+001	  3.7030000000000001e+001	  4.9380000000000003e+001	  6.9540000000000006e+001	  2.6000000000000000e+001	  1.2170000000000000e+001	  2.3100000000000001e+000	  4.8099999999999996e+000	  2.2890000000000001e+001	
  7.3269300000000000e+005	  2.0500000000000000e+001	  2.4739999999999998e+001	  1.1859999999999999e+001	  7.2200000000000003e+001	  1.6469999999999999e+001	  1.2155000000000000e+002	  6.0140000000000001e+001	  3.2920000000000002e+001	  1.3880000000000001e+001	  3.9539999999999999e+001	  6.4489999999999995e+001	  3.6649999999999999e+001	  1.0080000000000000e+001	  2.5320000000000000e+001	  8.0239999999999995e+001	  4.0200000000000003e+001	  1.2410000000000000e+001	  2.0309999999999999e+001	  5.9500000000000002e+000	  2.1859999999999999e+001	  7.7099999999999994e+001	  1.9680000000000000e+001	  4.7799999999999997e+001	  1.6770000000000000e+001	  2.6329999999999998e+001	  9.4890000000000001e+001	  4.9199999999999999e+000	  2.6309999999999999e+001	  3.4700000000000002e+000	  7.5049999999999997e+001	  7.2010000000000005e+001	  9.6599999999999994e+001	  6.3460000000000001e+001	  2.3760000000000002e+001	  2.4010000000000002e+001	  6.7629999999999995e+001	  6.3719999999999999e+001	  9.6300000000000008e+000	  6.9709999999999994e+001	  3.5299999999999997e+001	  4.8090000000000003e+001	  6.7450000000000003e+001	  2.6980000000000000e+001	  1.1770000000000000e+001	  2.2000000000000002e+000	  4.6399999999999997e+000	  2.2350000000000001e+001	
  7.3270000000000000e+005	  2.1289999999999999e+001	  2.6039999999999999e+001	  1.2420000000000000e+001	  7.6299999999999997e+001	  1.7059999999999999e+001	  1.2878000000000000e+002	  6.2329999999999998e+001	  3.3189999999999998e+001	  1.4830000000000000e+001	  4.1340000000000003e+001	  6.8030000000000001e+001	  3.6909999999999997e+001	  1.0470000000000001e+001	  2.7300000000000001e+001	  8.3599999999999994e+001	  4.4009999999999998e+001	  1.2470000000000001e+001	  2.0579999999999998e+001	  6.0099999999999998e+000	  2.2039999999999999e+001	  7.8370000000000005e+001	  2.0770000000000000e+001	  4.9079999999999998e+001	  1.7309999999999999e+001	  2.7510000000000002e+001	  1.0022000000000000e+002	  5.0400000000000000e+000	  2.7949999999999999e+001	  3.6099999999999999e+000	  8.1269999999999996e+001	  7.2489999999999995e+001	  1.0263000000000000e+002	  6.4329999999999998e+001	  2.6010000000000002e+001	  2.1170000000000002e+001	  6.9859999999999999e+001	  6.4900000000000006e+001	  1.0170000000000000e+001	  6.9250000000000000e+001	  4.0090000000000003e+001	  5.1479999999999997e+001	  7.4810000000000002e+001	  2.8399999999999999e+001	  1.1930000000000000e+001	  2.2500000000000000e+000	  4.9000000000000004e+000	  2.3280000000000001e+001	
  7.3270700000000000e+005	  2.1829999999999998e+001	  2.6190000000000001e+001	  1.2250000000000000e+001	  7.4980000000000004e+001	  1.7070000000000000e+001	  1.2531000000000000e+002	  6.2680000000000000e+001	  3.2210000000000001e+001	  1.4970000000000001e+001	  4.1159999999999997e+001	  6.8269999999999996e+001	  3.6829999999999998e+001	  1.1020000000000000e+001	  2.6690000000000001e+001	  8.3670000000000002e+001	  4.4570000000000000e+001	  1.2350000000000000e+001	  2.1750000000000000e+001	  5.9400000000000004e+000	  2.1960000000000001e+001	  8.1459999999999994e+001	  2.0809999999999999e+001	  4.8439999999999998e+001	  1.6280000000000001e+001	  2.6840000000000000e+001	  1.0031000000000000e+002	  5.3200000000000003e+000	  2.8050000000000001e+001	  3.7100000000000000e+000	  8.2180000000000007e+001	  7.2590000000000003e+001	  9.9900000000000006e+001	  6.3899999999999999e+001	  2.5859999999999999e+001	  2.1250000000000000e+001	  6.8209999999999994e+001	  6.6530000000000001e+001	  1.0279999999999999e+001	  6.9349999999999994e+001	  4.0609999999999999e+001	  5.2479999999999997e+001	  7.2659999999999997e+001	  2.8480000000000000e+001	  1.1840000000000000e+001	  2.1400000000000001e+000	  4.8399999999999999e+000	  2.2550000000000001e+001	
  7.3271400000000000e+005	  2.3050000000000001e+001	  2.6219999999999999e+001	  1.2390000000000001e+001	  7.4400000000000006e+001	  1.6910000000000000e+001	  1.2772000000000000e+002	  6.1869999999999997e+001	  3.2770000000000003e+001	  1.5080000000000000e+001	  4.0740000000000002e+001	  6.9150000000000006e+001	  3.7130000000000003e+001	  1.1359999999999999e+001	  2.6949999999999999e+001	  8.5840000000000003e+001	  4.5079999999999998e+001	  1.2730000000000000e+001	  2.1149999999999999e+001	  5.9100000000000001e+000	  2.1530000000000001e+001	  8.0340000000000003e+001	  2.1030000000000001e+001	  4.6560000000000002e+001	  1.6670000000000002e+001	  2.8000000000000000e+001	  1.0206000000000000e+002	  5.3600000000000003e+000	  2.8690000000000001e+001	  3.6899999999999999e+000	  8.3079999999999998e+001	  7.2540000000000006e+001	  1.0128000000000000e+002	  6.3899999999999999e+001	  2.5699999999999999e+001	  2.2300000000000001e+001	  7.1159999999999997e+001	  6.6150000000000006e+001	  1.0320000000000000e+001	  6.8250000000000000e+001	  4.0469999999999999e+001	  5.3009999999999998e+001	  7.2750000000000000e+001	  2.8379999999999999e+001	  1.2279999999999999e+001	  2.1699999999999999e+000	  4.8099999999999996e+000	  2.2750000000000000e+001	
  7.3272100000000000e+005	  2.3609999999999999e+001	  2.6910000000000000e+001	  1.2720000000000001e+001	  7.6040000000000006e+001	  1.7899999999999999e+001	  1.3028000000000000e+002	  6.1079999999999998e+001	  3.3409999999999997e+001	  1.5130000000000001e+001	  4.3020000000000003e+001	  7.0739999999999995e+001	  3.8100000000000001e+001	  1.1250000000000000e+001	  2.8170000000000002e+001	  8.7989999999999995e+001	  4.5359999999999999e+001	  1.2890000000000001e+001	  2.1820000000000000e+001	  5.9299999999999997e+000	  2.1449999999999999e+001	  8.0980000000000004e+001	  2.1390000000000001e+001	  4.6960000000000001e+001	  1.7190000000000001e+001	  2.9170000000000002e+001	  1.0895000000000000e+002	  5.4000000000000004e+000	  2.9390000000000001e+001	  3.7500000000000000e+000	  8.4930000000000007e+001	  7.2150000000000006e+001	  1.0418000000000001e+002	  6.8450000000000003e+001	  2.6410000000000000e+001	  2.2250000000000000e+001	  7.3790000000000006e+001	  6.8340000000000003e+001	  1.0609999999999999e+001	  6.7650000000000006e+001	  4.1159999999999997e+001	  5.3049999999999997e+001	  7.5340000000000003e+001	  2.8050000000000001e+001	  1.2390000000000001e+001	  2.2200000000000002e+000	  5.0099999999999998e+000	  2.2649999999999999e+001	
  7.3272800000000000e+005	  2.3559999999999999e+001	  2.7199999999999999e+001	  1.2900000000000000e+001	  7.7200000000000003e+001	  1.8410000000000000e+001	  1.3175999999999999e+002	  6.1719999999999999e+001	  3.2930000000000000e+001	  1.5630000000000001e+001	  4.4500000000000000e+001	  7.3909999999999997e+001	  3.9609999999999999e+001	  1.0820000000000000e+001	  2.8379999999999999e+001	  9.1349999999999994e+001	  4.4259999999999998e+001	  1.2670000000000000e+001	  2.4770000000000000e+001	  6.1399999999999997e+000	  2.1649999999999999e+001	  8.2569999999999993e+001	  2.2000000000000000e+001	  4.6719999999999999e+001	  1.6750000000000000e+001	  2.9480000000000000e+001	  1.1078000000000000e+002	  6.0000000000000000e+000	  2.9789999999999999e+001	  3.8900000000000001e+000	  8.5599999999999994e+001	  7.4030000000000001e+001	  1.0289000000000000e+002	  7.2609999999999999e+001	  2.6030000000000001e+001	  2.2699999999999999e+001	  7.2989999999999995e+001	  7.1469999999999999e+001	  1.0789999999999999e+001	  6.6370000000000005e+001	  4.2219999999999999e+001	  5.4200000000000003e+001	  7.6620000000000005e+001	  3.1859999999999999e+001	  1.2250000000000000e+001	  2.1600000000000001e+000	  5.2100000000000000e+000	  2.2180000000000000e+001	
  7.3273500000000000e+005	  2.2699999999999999e+001	  2.7539999999999999e+001	  1.2520000000000000e+001	  7.3719999999999999e+001	  1.7440000000000001e+001	  1.2938000000000000e+002	  6.0490000000000002e+001	  3.2329999999999998e+001	  1.5279999999999999e+001	  4.3880000000000003e+001	  7.1629999999999995e+001	  3.9329999999999998e+001	  1.1180000000000000e+001	  2.8079999999999998e+001	  8.8719999999999999e+001	  4.2310000000000002e+001	  1.2910000000000000e+001	  2.4030000000000001e+001	  5.9400000000000004e+000	  2.0940000000000001e+001	  7.8629999999999995e+001	  2.1030000000000001e+001	  4.5640000000000001e+001	  1.6289999999999999e+001	  2.8320000000000000e+001	  1.0748000000000000e+002	  5.6799999999999997e+000	  2.8949999999999999e+001	  3.8300000000000001e+000	  8.3510000000000005e+001	  7.7640000000000001e+001	  9.9349999999999994e+001	  7.1689999999999998e+001	  2.5039999999999999e+001	  2.2690000000000001e+001	  7.1780000000000001e+001	  6.8540000000000006e+001	  1.0590000000000000e+001	  6.4310000000000002e+001	  4.1469999999999999e+001	  5.2719999999999999e+001	  7.3810000000000002e+001	  2.9329999999999998e+001	  1.2480000000000000e+001	  2.1800000000000002e+000	  5.0000000000000000e+000	  2.2660000000000000e+001	
  7.3274200000000000e+005	  2.3010000000000002e+001	  2.8379999999999999e+001	  1.2810000000000000e+001	  7.4219999999999999e+001	  1.7609999999999999e+001	  1.2779000000000001e+002	  6.1000000000000000e+001	  3.1260000000000002e+001	  1.5480000000000000e+001	  4.5960000000000001e+001	  6.8829999999999998e+001	  4.1070000000000000e+001	  1.1160000000000000e+001	  2.8149999999999999e+001	  9.0079999999999998e+001	  4.4320000000000000e+001	  1.3330000000000000e+001	  2.4250000000000000e+001	  6.0000000000000000e+000	  2.0890000000000001e+001	  8.0129999999999995e+001	  2.0980000000000000e+001	  4.5799999999999997e+001	  1.6949999999999999e+001	  3.0190000000000001e+001	  1.1023000000000000e+002	  5.7199999999999998e+000	  2.9219999999999999e+001	  3.9700000000000002e+000	  8.3739999999999995e+001	  7.7450000000000003e+001	  1.0192000000000000e+002	  7.3090000000000003e+001	  2.4949999999999999e+001	  2.2149999999999999e+001	  7.2629999999999995e+001	  6.8799999999999997e+001	  1.0609999999999999e+001	  6.7379999999999995e+001	  4.1930000000000000e+001	  5.3149999999999999e+001	  7.4959999999999994e+001	  3.2119999999999997e+001	  1.2680000000000000e+001	  2.2999999999999998e+000	  5.0099999999999998e+000	  2.4609999999999999e+001	
  7.3274900000000000e+005	  2.3430000000000000e+001	  2.9090000000000000e+001	  1.3810000000000000e+001	  7.6180000000000007e+001	  1.7530000000000001e+001	  1.3086000000000001e+002	  6.0960000000000001e+001	  3.1559999999999999e+001	  1.5609999999999999e+001	  4.5320000000000000e+001	  7.0230000000000004e+001	  4.1770000000000003e+001	  1.1420000000000000e+001	  2.8440000000000001e+001	  9.1230000000000004e+001	  4.3770000000000003e+001	  1.3199999999999999e+001	  2.4030000000000001e+001	  6.0199999999999996e+000	  2.1100000000000001e+001	  8.1310000000000002e+001	  2.1270000000000000e+001	  4.6520000000000003e+001	  1.6699999999999999e+001	  3.0840000000000000e+001	  1.1481999999999999e+002	  5.8399999999999999e+000	  3.0230000000000000e+001	  3.9800000000000000e+000	  8.5450000000000003e+001	  7.8319999999999993e+001	  1.0125000000000000e+002	  7.1980000000000004e+001	  2.4920000000000002e+001	  2.2680000000000000e+001	  7.4599999999999994e+001	  6.9849999999999994e+001	  1.0640000000000001e+001	  6.7420000000000002e+001	  4.2140000000000001e+001	  5.4009999999999998e+001	  7.4540000000000006e+001	  3.2299999999999997e+001	  1.2470000000000001e+001	  2.2599999999999998e+000	  5.0499999999999998e+000	  2.4510000000000002e+001	
  7.3275600000000000e+005	  2.4239999999999998e+001	  2.9289999999999999e+001	  1.4170000000000000e+001	  7.6980000000000004e+001	  1.8230000000000000e+001	  1.3178000000000000e+002	  6.4040000000000006e+001	  3.3880000000000003e+001	  1.5430000000000000e+001	  4.5359999999999999e+001	  7.0510000000000005e+001	  4.1890000000000001e+001	  1.2440000000000000e+001	  2.7750000000000000e+001	  9.1709999999999994e+001	  4.3960000000000001e+001	  1.3369999999999999e+001	  2.3890000000000001e+001	  6.0499999999999998e+000	  2.1100000000000001e+001	  8.1040000000000006e+001	  2.1399999999999999e+001	  4.6920000000000002e+001	  1.7340000000000000e+001	  3.0140000000000001e+001	  1.1528000000000000e+002	  5.9600000000000000e+000	  3.0750000000000000e+001	  3.8700000000000001e+000	  8.6120000000000005e+001	  7.8129999999999995e+001	  1.0545999999999999e+002	  7.0870000000000005e+001	  2.6020000000000000e+001	  2.2640000000000001e+001	  7.7989999999999995e+001	  6.9219999999999999e+001	  1.0810000000000000e+001	  7.0900000000000006e+001	  4.2049999999999997e+001	  5.5200000000000003e+001	  7.3840000000000003e+001	  3.1770000000000000e+001	  1.2580000000000000e+001	  2.3100000000000001e+000	  4.9400000000000004e+000	  2.5820000000000000e+001	
  7.3276300000000000e+005	  2.3329999999999998e+001	  2.8890000000000001e+001	  1.4150000000000000e+001	  7.6540000000000006e+001	  1.8129999999999999e+001	  1.3366000000000000e+002	  6.2820000000000000e+001	  3.1620000000000001e+001	  1.5710000000000001e+001	  4.6280000000000001e+001	  7.1530000000000001e+001	  4.2149999999999999e+001	  1.2170000000000000e+001	  2.8039999999999999e+001	  9.0989999999999995e+001	  4.4479999999999997e+001	  1.3170000000000000e+001	  2.3280000000000001e+001	  6.0099999999999998e+000	  2.1129999999999999e+001	  7.9129999999999995e+001	  2.1270000000000000e+001	  4.7280000000000001e+001	  1.6660000000000000e+001	  2.9840000000000000e+001	  1.1400000000000000e+002	  5.7599999999999998e+000	  3.0739999999999998e+001	  3.8599999999999999e+000	  8.8829999999999998e+001	  7.7930000000000007e+001	  1.0530000000000000e+002	  7.0379999999999995e+001	  2.6550000000000001e+001	  2.2379999999999999e+001	  7.8390000000000001e+001	  7.0079999999999998e+001	  1.0630000000000001e+001	  7.1859999999999999e+001	  4.3280000000000001e+001	  5.5060000000000002e+001	  7.5579999999999998e+001	  3.0570000000000000e+001	  1.2289999999999999e+001	  2.2700000000000000e+000	  4.9500000000000002e+000	  2.4989999999999998e+001	
  7.3277000000000000e+005	  2.3350000000000001e+001	  2.8920000000000002e+001	  1.3560000000000000e+001	  7.8500000000000000e+001	  1.7390000000000001e+001	  1.3131999999999999e+002	  6.1789999999999999e+001	  3.1969999999999999e+001	  1.5600000000000000e+001	  4.5140000000000001e+001	  7.0370000000000005e+001	  4.1859999999999999e+001	  1.2440000000000000e+001	  2.7789999999999999e+001	  9.3079999999999998e+001	  4.4000000000000000e+001	  1.3000000000000000e+001	  2.3340000000000000e+001	  5.9199999999999999e+000	  2.1309999999999999e+001	  7.8430000000000007e+001	  2.0960000000000001e+001	  4.8000000000000000e+001	  1.6440000000000001e+001	  2.9129999999999999e+001	  1.1042000000000000e+002	  5.6399999999999997e+000	  2.9879999999999999e+001	  3.8799999999999999e+000	  8.9730000000000004e+001	  7.6969999999999999e+001	  1.0423000000000000e+002	  6.8980000000000004e+001	  2.6370000000000001e+001	  2.2430000000000000e+001	  7.7370000000000005e+001	  6.7750000000000000e+001	  1.0520000000000000e+001	  6.8340000000000003e+001	  4.4700000000000003e+001	  5.4250000000000000e+001	  7.5290000000000006e+001	  3.0309999999999999e+001	  1.2270000000000000e+001	  2.2700000000000000e+000	  4.9699999999999998e+000	  2.5309999999999999e+001	
  7.3277700000000000e+005	  2.2760000000000002e+001	  2.8270000000000000e+001	  1.3260000000000000e+001	  7.5959999999999994e+001	  1.7250000000000000e+001	  1.2838000000000000e+002	  6.2289999999999999e+001	  3.2109999999999999e+001	  1.5359999999999999e+001	  4.4640000000000001e+001	  6.8590000000000003e+001	  4.2789999999999999e+001	  1.2070000000000000e+001	  2.7120000000000001e+001	  9.0950000000000003e+001	  4.3130000000000003e+001	  1.2800000000000001e+001	  2.3329999999999998e+001	  5.7999999999999998e+000	  2.1570000000000000e+001	  7.9390000000000001e+001	  2.0590000000000000e+001	  4.7920000000000002e+001	  1.6010000000000002e+001	  2.8789999999999999e+001	  1.0968000000000001e+002	  5.5599999999999996e+000	  2.9559999999999999e+001	  3.7999999999999998e+000	  8.7120000000000005e+001	  7.6060000000000002e+001	  1.0314000000000000e+002	  7.0290000000000006e+001	  2.5550000000000001e+001	  2.2059999999999999e+001	  7.5489999999999995e+001	  7.0310000000000002e+001	  1.0289999999999999e+001	  6.8609999999999999e+001	  4.4180000000000000e+001	  5.2619999999999997e+001	  7.3620000000000005e+001	  2.9109999999999999e+001	  1.1940000000000000e+001	  2.2300000000000000e+000	  4.9000000000000004e+000	  2.4629999999999999e+001	
  7.3278400000000000e+005	  2.3329999999999998e+001	  2.9050000000000001e+001	  1.3690000000000000e+001	  7.8620000000000005e+001	  1.7489999999999998e+001	  1.3028000000000000e+002	  6.7480000000000004e+001	  3.3479999999999997e+001	  1.5810000000000000e+001	  4.6200000000000003e+001	  7.0319999999999993e+001	  4.3869999999999997e+001	  1.2100000000000000e+001	  2.7969999999999999e+001	  9.2769999999999996e+001	  4.3549999999999997e+001	  1.2920000000000000e+001	  2.3460000000000001e+001	  5.9699999999999998e+000	  2.2190000000000001e+001	  8.5049999999999997e+001	  2.1300000000000001e+001	  4.9280000000000001e+001	  1.6160000000000000e+001	  2.9469999999999999e+001	  1.1400000000000000e+002	  5.6399999999999997e+000	  3.0840000000000000e+001	  3.9300000000000002e+000	  9.3769999999999996e+001	  8.1310000000000002e+001	  1.0597000000000000e+002	  7.1540000000000006e+001	  2.6050000000000001e+001	  2.2899999999999999e+001	  7.6519999999999996e+001	  7.3909999999999997e+001	  1.0670000000000000e+001	  6.9579999999999998e+001	  4.3149999999999999e+001	  5.5200000000000003e+001	  7.6629999999999995e+001	  2.9859999999999999e+001	  1.2130000000000001e+001	  2.2500000000000000e+000	  4.9199999999999999e+000	  2.5370000000000001e+001	
  7.3279100000000000e+005	  2.2340000000000000e+001	  2.8739999999999998e+001	  1.3410000000000000e+001	  7.6400000000000006e+001	  1.7620000000000001e+001	  1.2872999999999999e+002	  6.5989999999999995e+001	  3.5020000000000003e+001	  1.6149999999999999e+001	  4.5280000000000001e+001	  6.9900000000000006e+001	  4.4140000000000001e+001	  1.0890000000000001e+001	  2.8160000000000000e+001	  9.3950000000000003e+001	  4.0780000000000001e+001	  1.3550000000000001e+001	  2.3000000000000000e+001	  5.8899999999999997e+000	  2.1780000000000001e+001	  8.4120000000000005e+001	  2.1480000000000000e+001	  4.7600000000000001e+001	  1.6609999999999999e+001	  2.8520000000000000e+001	  1.1123999999999999e+002	  5.5999999999999996e+000	  3.1020000000000000e+001	  3.8500000000000001e+000	  9.2629999999999995e+001	  8.0390000000000001e+001	  1.0387000000000000e+002	  7.1159999999999997e+001	  2.6039999999999999e+001	  2.2609999999999999e+001	  8.2189999999999998e+001	  6.8719999999999999e+001	  1.0840000000000000e+001	  6.8430000000000007e+001	  4.1869999999999997e+001	  5.6780000000000001e+001	  7.3579999999999998e+001	  2.9320000000000000e+001	  1.2050000000000001e+001	  2.0899999999999999e+000	  5.1299999999999999e+000	  2.5520000000000000e+001	
  7.3279800000000000e+005	  2.2239999999999998e+001	  2.9550000000000001e+001	  1.3630000000000001e+001	  7.8140000000000001e+001	  1.7350000000000001e+001	  1.3153000000000000e+002	  6.8739999999999995e+001	  3.4270000000000003e+001	  1.6030000000000001e+001	  4.5780000000000001e+001	  7.1810000000000002e+001	  4.4329999999999998e+001	  1.0920000000000000e+001	  2.9039999999999999e+001	  9.5379999999999995e+001	  4.0719999999999999e+001	  1.3080000000000000e+001	  2.3469999999999999e+001	  5.9900000000000002e+000	  2.2090000000000000e+001	  8.5549999999999997e+001	  2.1500000000000000e+001	  4.9079999999999998e+001	  1.6719999999999999e+001	  2.8969999999999999e+001	  1.1326000000000001e+002	  5.8799999999999999e+000	  3.1550000000000001e+001	  3.9300000000000002e+000	  9.3859999999999999e+001	  8.1790000000000006e+001	  1.0616000000000000e+002	  7.2269999999999996e+001	  2.5879999999999999e+001	  2.2160000000000000e+001	  8.3079999999999998e+001	  6.8670000000000002e+001	  1.0970000000000001e+001	  6.9480000000000004e+001	  4.2850000000000001e+001	  5.6210000000000001e+001	  7.3530000000000001e+001	  3.0960000000000001e+001	  1.2190000000000000e+001	  2.1400000000000001e+000	  5.2500000000000000e+000	  2.5620000000000001e+001	
  7.3280500000000000e+005	  2.1789999999999999e+001	  2.9930000000000000e+001	  1.2900000000000000e+001	  7.6980000000000004e+001	  1.6800000000000001e+001	  1.2689000000000000e+002	  6.6250000000000000e+001	  3.4890000000000001e+001	  1.5800000000000001e+001	  4.5420000000000002e+001	  7.1159999999999997e+001	  4.4000000000000000e+001	  1.0010000000000000e+001	  2.7230000000000000e+001	  9.2370000000000005e+001	  3.9409999999999997e+001	  1.2240000000000000e+001	  2.3079999999999998e+001	  5.8899999999999997e+000	  2.1440000000000001e+001	  8.1519999999999996e+001	  2.0879999999999999e+001	  4.7600000000000001e+001	  1.6340000000000000e+001	  2.8090000000000000e+001	  1.1253000000000000e+002	  5.5999999999999996e+000	  3.0739999999999998e+001	  3.9199999999999999e+000	  9.4290000000000006e+001	  7.9040000000000006e+001	  1.0279000000000001e+002	  6.9230000000000004e+001	  2.4079999999999998e+001	  2.0579999999999998e+001	  8.3349999999999994e+001	  6.4500000000000000e+001	  1.0690000000000000e+001	  6.8109999999999999e+001	  4.1759999999999998e+001	  5.4530000000000001e+001	  6.9420000000000002e+001	  3.0020000000000000e+001	  1.1750000000000000e+001	  2.0899999999999999e+000	  5.3899999999999997e+000	  2.5600000000000001e+001	
  7.3281200000000000e+005	  2.0920000000000002e+001	  2.7030000000000001e+001	  1.2320000000000000e+001	  7.3819999999999993e+001	  1.6609999999999999e+001	  1.1969000000000000e+002	  6.3789999999999999e+001	  3.2250000000000000e+001	  1.5119999999999999e+001	  4.3520000000000003e+001	  6.9709999999999994e+001	  4.3409999999999997e+001	  9.8699999999999992e+000	  2.6219999999999999e+001	  8.7849999999999994e+001	  3.7979999999999997e+001	  1.1930000000000000e+001	  2.2800000000000001e+001	  5.7900000000000000e+000	  2.0739999999999998e+001	  7.8349999999999994e+001	  2.0199999999999999e+001	  4.7549999999999997e+001	  1.5940000000000000e+001	  2.7120000000000001e+001	  1.1042000000000000e+002	  5.3200000000000003e+000	  3.0039999999999999e+001	  3.7100000000000000e+000	  9.0200000000000003e+001	  7.6430000000000007e+001	  9.8950000000000003e+001	  6.6730000000000004e+001	  2.3000000000000000e+001	  1.9489999999999998e+001	  8.0140000000000001e+001	  6.3520000000000003e+001	  1.0320000000000000e+001	  6.7099999999999994e+001	  4.1219999999999999e+001	  5.1719999999999999e+001	  6.7260000000000005e+001	  2.8559999999999999e+001	  1.1500000000000000e+001	  2.0400000000000000e+000	  5.3399999999999999e+000	  2.5510000000000002e+001	
  7.3281900000000000e+005	  2.1129999999999999e+001	  2.7020000000000000e+001	  1.2640000000000001e+001	  7.8719999999999999e+001	  1.7390000000000001e+001	  1.2020999999999999e+002	  6.4989999999999995e+001	  3.4560000000000002e+001	  1.5000000000000000e+001	  4.6359999999999999e+001	  7.0829999999999998e+001	  4.4509999999999998e+001	  1.0060000000000000e+001	  2.7010000000000002e+001	  8.8450000000000003e+001	  3.8960000000000001e+001	  1.1890000000000001e+001	  2.3059999999999999e+001	  5.9900000000000002e+000	  2.1180000000000000e+001	  8.3439999999999998e+001	  2.0829999999999998e+001	  4.8200000000000003e+001	  1.6190000000000001e+001	  2.7980000000000000e+001	  1.1400000000000000e+002	  5.4800000000000004e+000	  2.9820000000000000e+001	  4.2599999999999998e+000	  9.0920000000000002e+001	  7.6629999999999995e+001	  9.9150000000000006e+001	  7.0209999999999994e+001	  2.3699999999999999e+001	  2.1000000000000000e+001	  8.2250000000000000e+001	  6.7269999999999996e+001	  1.0330000000000000e+001	  6.9709999999999994e+001	  4.2250000000000000e+001	  5.2579999999999998e+001	  6.7159999999999997e+001	  3.0090000000000000e+001	  1.2000000000000000e+001	  2.0499999999999998e+000	  5.3600000000000003e+000	  2.6030000000000001e+001	
  7.3282600000000000e+005	  2.0980000000000000e+001	  2.7500000000000000e+001	  1.2150000000000000e+001	  7.5840000000000003e+001	  1.7350000000000001e+001	  1.1790000000000001e+002	  6.3149999999999999e+001	  3.3030000000000001e+001	  1.4940000000000000e+001	  4.4840000000000003e+001	  7.0890000000000001e+001	  4.4969999999999999e+001	  9.8499999999999996e+000	  2.6020000000000000e+001	  8.5590000000000003e+001	  3.8130000000000003e+001	  1.2300000000000001e+001	  2.2789999999999999e+001	  6.0199999999999996e+000	  2.1000000000000000e+001	  8.0670000000000002e+001	  2.0460000000000001e+001	  4.7180000000000000e+001	  1.6750000000000000e+001	  2.7340000000000000e+001	  1.1097000000000000e+002	  5.3600000000000003e+000	  2.9199999999999999e+001	  4.2699999999999996e+000	  8.9969999999999999e+001	  7.5560000000000002e+001	  9.6959999999999994e+001	  6.8299999999999997e+001	  2.3489999999999998e+001	  2.0879999999999999e+001	  8.1150000000000006e+001	  6.4689999999999998e+001	  1.0150000000000000e+001	  6.7840000000000003e+001	  4.1289999999999999e+001	  5.2240000000000002e+001	  6.5269999999999996e+001	  2.9120000000000001e+001	  1.2160000000000000e+001	  2.0899999999999999e+000	  5.2999999999999998e+000	  2.6190000000000001e+001	
  7.3283300000000000e+005	  2.0719999999999999e+001	  2.6010000000000002e+001	  1.1789999999999999e+001	  7.4019999999999996e+001	  1.6750000000000000e+001	  1.1345000000000000e+002	  6.1109999999999999e+001	  3.1660000000000000e+001	  1.4150000000000000e+001	  4.3640000000000001e+001	  6.8329999999999998e+001	  4.4350000000000001e+001	  9.2699999999999996e+000	  2.4750000000000000e+001	  8.2189999999999998e+001	  3.5799999999999997e+001	  1.2310000000000000e+001	  2.2879999999999999e+001	  6.1200000000000001e+000	  2.0469999999999999e+001	  7.7599999999999994e+001	  1.9480000000000000e+001	  4.5060000000000002e+001	  1.6370000000000001e+001	  2.7329999999999998e+001	  1.0527000000000000e+002	  5.4800000000000004e+000	  2.8199999999999999e+001	  4.2300000000000004e+000	  8.6329999999999998e+001	  7.1560000000000002e+001	  9.4090000000000003e+001	  6.5939999999999998e+001	  2.2260000000000002e+001	  2.0289999999999999e+001	  7.7569999999999993e+001	  6.4109999999999999e+001	  9.7899999999999991e+000	  6.7180000000000007e+001	  3.9149999999999999e+001	  4.9039999999999999e+001	  6.2439999999999998e+001	  3.0090000000000000e+001	  1.2330000000000000e+001	  2.1099999999999999e+000	  5.2199999999999998e+000	  2.5590000000000000e+001	
  7.3284000000000000e+005	  1.9949999999999999e+001	  2.5590000000000000e+001	  1.1770000000000000e+001	  6.7760000000000005e+001	  1.5869999999999999e+001	  1.0914000000000000e+002	  5.9159999999999997e+001	  3.1239999999999998e+001	  1.3830000000000000e+001	  4.2880000000000003e+001	  6.8079999999999998e+001	  4.3009999999999998e+001	  9.2200000000000006e+000	  2.3109999999999999e+001	  7.9329999999999998e+001	  3.4780000000000001e+001	  1.1990000000000000e+001	  2.2629999999999999e+001	  6.0199999999999996e+000	  2.0010000000000002e+001	  7.4819999999999993e+001	  1.8579999999999998e+001	  4.4619999999999997e+001	  1.6050000000000001e+001	  2.7050000000000001e+001	  1.0298000000000000e+002	  5.4400000000000004e+000	  2.7090000000000000e+001	  4.1200000000000001e+000	  8.5200000000000003e+001	  7.0680000000000007e+001	  9.1920000000000002e+001	  6.6780000000000001e+001	  2.0840000000000000e+001	  1.9579999999999998e+001	  7.6659999999999997e+001	  6.2619999999999997e+001	  9.5199999999999996e+000	  6.7560000000000002e+001	  3.8490000000000002e+001	  5.0240000000000002e+001	  6.0210000000000001e+001	  2.8500000000000000e+001	  1.2130000000000001e+001	  2.0099999999999998e+000	  4.9800000000000004e+000	  2.4640000000000001e+001	
  7.3284700000000000e+005	  2.0340000000000000e+001	  2.6379999999999999e+001	  1.2060000000000000e+001	  6.9340000000000003e+001	  1.6699999999999999e+001	  1.1731000000000000e+002	  6.0909999999999997e+001	  3.1710000000000001e+001	  1.4320000000000000e+001	  4.5240000000000002e+001	  7.0209999999999994e+001	  4.3579999999999998e+001	  9.5199999999999996e+000	  2.3109999999999999e+001	  8.1950000000000003e+001	  3.5500000000000000e+001	  1.1850000000000000e+001	  2.3550000000000001e+001	  6.0899999999999999e+000	  2.0739999999999998e+001	  7.6980000000000004e+001	  1.9199999999999999e+001	  4.6490000000000002e+001	  1.5750000000000000e+001	  2.7140000000000001e+001	  1.0545999999999999e+002	  5.7199999999999998e+000	  2.8710000000000001e+001	  4.2100000000000000e+000	  9.2730000000000004e+001	  7.2239999999999995e+001	  9.5799999999999997e+001	  6.9870000000000005e+001	  2.2649999999999999e+001	  2.0390000000000001e+001	  7.6609999999999999e+001	  6.2649999999999999e+001	  1.0010000000000000e+001	  6.9989999999999995e+001	  4.0950000000000003e+001	  5.2659999999999997e+001	  6.6609999999999999e+001	  2.9930000000000000e+001	  1.2250000000000000e+001	  2.0499999999999998e+000	  5.4100000000000001e+000	  2.4829999999999998e+001	
  7.3285400000000000e+005	  2.0690000000000001e+001	  2.7640000000000001e+001	  1.2590000000000000e+001	  7.1079999999999998e+001	  1.7260000000000002e+001	  1.2070000000000000e+002	  6.2780000000000001e+001	  3.4369999999999997e+001	  1.4830000000000000e+001	  4.7100000000000001e+001	  7.2390000000000001e+001	  4.5000000000000000e+001	  9.4499999999999993e+000	  2.4840000000000000e+001	  8.4959999999999994e+001	  3.6250000000000000e+001	  1.1900000000000000e+001	  2.3760000000000002e+001	  6.1900000000000004e+000	  2.1350000000000001e+001	  8.1909999999999997e+001	  1.9710000000000001e+001	  4.7880000000000003e+001	  1.5920000000000000e+001	  2.7879999999999999e+001	  1.0975000000000000e+002	  5.8399999999999999e+000	  2.9550000000000001e+001	  4.2900000000000000e+000	  9.5900000000000006e+001	  7.5650000000000006e+001	  9.8769999999999996e+001	  7.2469999999999999e+001	  2.3260000000000002e+001	  2.1379999999999999e+001	  7.7019999999999996e+001	  6.5049999999999997e+001	  1.0300000000000001e+001	  7.1340000000000003e+001	  4.1250000000000000e+001	  5.4759999999999998e+001	  6.6739999999999995e+001	  3.1510000000000002e+001	  1.2350000000000000e+001	  2.0499999999999998e+000	  5.4500000000000002e+000	  2.5050000000000001e+001	
  7.3286100000000000e+005	  2.0739999999999998e+001	  2.7859999999999999e+001	  1.2430000000000000e+001	  7.0319999999999993e+001	  1.7270000000000000e+001	  1.2014000000000000e+002	  6.2549999999999997e+001	  3.4729999999999997e+001	  1.5539999999999999e+001	  4.7320000000000000e+001	  7.3790000000000006e+001	  4.5909999999999997e+001	  9.3599999999999994e+000	  2.5120000000000001e+001	  8.4640000000000001e+001	  3.6079999999999998e+001	  1.1890000000000001e+001	  2.3910000000000000e+001	  6.2800000000000002e+000	  2.1719999999999999e+001	  8.2189999999999998e+001	  2.0149999999999999e+001	  4.8200000000000003e+001	  1.6000000000000000e+001	  2.7699999999999999e+001	  1.1061000000000000e+002	  5.7199999999999998e+000	  2.9520000000000000e+001	  4.2100000000000000e+000	  9.2819999999999993e+001	  7.4390000000000001e+001	  9.8430000000000007e+001	  7.0950000000000003e+001	  2.2550000000000001e+001	  2.1859999999999999e+001	  7.7439999999999998e+001	  6.5219999999999999e+001	  1.0460000000000001e+001	  7.2510000000000005e+001	  4.1420000000000002e+001	  5.4229999999999997e+001	  6.6189999999999998e+001	  3.0609999999999999e+001	  1.2440000000000000e+001	  2.0600000000000001e+000	  5.3499999999999996e+000	  2.4039999999999999e+001	
  7.3286800000000000e+005	  2.0000000000000000e+001	  2.6640000000000001e+001	  1.1710000000000001e+001	  6.8319999999999993e+001	  1.6219999999999999e+001	  1.1325000000000000e+002	  6.0689999999999998e+001	  3.4369999999999997e+001	  1.4830000000000000e+001	  4.5740000000000002e+001	  6.9629999999999995e+001	  4.6399999999999999e+001	  8.4299999999999997e+000	  2.3510000000000002e+001	  8.0540000000000006e+001	  3.5240000000000002e+001	  1.1529999999999999e+001	  2.3020000000000000e+001	  6.0999999999999996e+000	  2.1379999999999999e+001	  7.7819999999999993e+001	  1.9370000000000001e+001	  4.7640000000000001e+001	  1.5320000000000000e+001	  2.6820000000000000e+001	  1.0556000000000000e+002	  5.5599999999999996e+000	  2.8590000000000000e+001	  4.0499999999999998e+000	  8.9159999999999997e+001	  7.0290000000000006e+001	  9.4230000000000004e+001	  7.2319999999999993e+001	  2.1129999999999999e+001	  2.1420000000000002e+001	  7.4090000000000003e+001	  6.3329999999999998e+001	  1.0000000000000000e+001	  7.0689999999999998e+001	  3.7149999999999999e+001	  5.1140000000000001e+001	  6.1320000000000000e+001	  2.9219999999999999e+001	  1.2100000000000000e+001	  1.9800000000000000e+000	  5.1299999999999999e+000	  2.3420000000000002e+001	
  7.3287500000000000e+005	  2.0300000000000001e+001	  2.7340000000000000e+001	  1.1970000000000001e+001	  6.9760000000000005e+001	  1.6910000000000000e+001	  1.1648999999999999e+002	  6.1270000000000003e+001	  3.5829999999999998e+001	  1.5020000000000000e+001	  4.7340000000000003e+001	  7.0209999999999994e+001	  4.6350000000000001e+001	  8.0899999999999999e+000	  2.4329999999999998e+001	  8.2590000000000003e+001	  3.5340000000000003e+001	  1.1400000000000000e+001	  2.3100000000000001e+001	  6.2500000000000000e+000	  2.1320000000000000e+001	  7.9549999999999997e+001	  1.9920000000000002e+001	  4.6990000000000002e+001	  1.5539999999999999e+001	  2.7059999999999999e+001	  1.0613000000000000e+002	  5.6399999999999997e+000	  2.9050000000000001e+001	  4.0599999999999996e+000	  8.8090000000000003e+001	  7.1609999999999999e+001	  9.7230000000000004e+001	  7.3599999999999994e+001	  2.2469999999999999e+001	  2.1199999999999999e+001	  7.2299999999999997e+001	  6.5090000000000003e+001	  1.0210000000000001e+001	  7.2189999999999998e+001	  3.4560000000000002e+001	  5.2119999999999997e+001	  6.1950000000000003e+001	  3.0350000000000001e+001	  1.2210000000000001e+001	  1.9700000000000000e+000	  5.1600000000000001e+000	  2.3809999999999999e+001	
  7.3288200000000000e+005	  2.1469999999999999e+001	  2.9550000000000001e+001	  1.2570000000000000e+001	  7.4099999999999994e+001	  1.7340000000000000e+001	  1.2073000000000000e+002	  6.2659999999999997e+001	  3.7399999999999999e+001	  1.5590000000000000e+001	  4.9259999999999998e+001	  7.4849999999999994e+001	  4.8060000000000002e+001	  8.3800000000000008e+000	  2.6020000000000000e+001	  8.8000000000000000e+001	  3.7969999999999999e+001	  1.1609999999999999e+001	  2.5730000000000000e+001	  6.3700000000000001e+000	  2.2280000000000001e+001	  8.7450000000000003e+001	  2.0629999999999999e+001	  4.9920000000000002e+001	  1.5560000000000000e+001	  2.7640000000000001e+001	  1.1166000000000000e+002	  6.0400000000000000e+000	  3.0680000000000000e+001	  4.2800000000000002e+000	  9.2579999999999998e+001	  7.6969999999999999e+001	  9.9689999999999998e+001	  7.7329999999999998e+001	  2.4699999999999999e+001	  2.1649999999999999e+001	  7.9040000000000006e+001	  6.8629999999999995e+001	  1.0740000000000000e+001	  6.9849999999999994e+001	  3.5829999999999998e+001	  5.4719999999999999e+001	  6.1840000000000003e+001	  3.1660000000000000e+001	  1.2630000000000001e+001	  2.0000000000000000e+000	  5.3700000000000001e+000	  2.4300000000000001e+001	
  7.3288900000000000e+005	  2.0340000000000000e+001	  2.9730000000000000e+001	  1.2800000000000001e+001	  7.3680000000000007e+001	  1.8359999999999999e+001	  1.2501000000000001e+002	  6.2549999999999997e+001	  3.6500000000000000e+001	  1.5760000000000000e+001	  5.0579999999999998e+001	  7.7370000000000005e+001	  4.7359999999999999e+001	  8.3599999999999994e+000	  2.7149999999999999e+001	  8.4799999999999997e+001	  3.7299999999999997e+001	  1.1590000000000000e+001	  2.5550000000000001e+001	  6.4199999999999999e+000	  2.2250000000000000e+001	  8.7760000000000005e+001	  2.1030000000000001e+001	  4.8759999999999998e+001	  1.5640000000000001e+001	  2.7520000000000000e+001	  1.1558000000000000e+002	  6.1200000000000001e+000	  3.1329999999999998e+001	  4.2400000000000002e+000	  9.5849999999999994e+001	  7.7069999999999993e+001	  1.0433000000000000e+002	  7.7920000000000002e+001	  2.4890000000000001e+001	  2.1530000000000001e+001	  7.9000000000000000e+001	  7.0209999999999994e+001	  1.0800000000000001e+001	  6.6439999999999998e+001	  3.5649999999999999e+001	  5.5789999999999999e+001	  6.2200000000000003e+001	  3.1670000000000002e+001	  1.2699999999999999e+001	  2.0299999999999998e+000	  5.4299999999999997e+000	  2.4250000000000000e+001	
  7.3289600000000000e+005	  1.9969999999999999e+001	  2.9289999999999999e+001	  1.2940000000000000e+001	  7.1780000000000001e+001	  1.8219999999999999e+001	  1.2567000000000000e+002	  6.1590000000000003e+001	  3.7060000000000002e+001	  1.5670000000000000e+001	  4.8979999999999997e+001	  7.8140000000000001e+001	  4.7280000000000001e+001	  8.3200000000000003e+000	  2.7210000000000001e+001	  8.1950000000000003e+001	  3.7439999999999998e+001	  1.0260000000000000e+001	  2.5440000000000001e+001	  6.3300000000000001e+000	  2.2530000000000001e+001	  8.7629999999999995e+001	  2.2050000000000001e+001	  4.9039999999999999e+001	  1.4900000000000000e+001	  2.7410000000000000e+001	  1.1644000000000000e+002	  6.1600000000000001e+000	  3.1109999999999999e+001	  4.2500000000000000e+000	  9.3219999999999999e+001	  7.2879999999999995e+001	  1.0548999999999999e+002	  7.6250000000000000e+001	  2.3980000000000000e+001	  2.1280000000000001e+001	  7.8170000000000002e+001	  6.9250000000000000e+001	  1.0690000000000000e+001	  6.3399999999999999e+001	  3.4710000000000001e+001	  5.4759999999999998e+001	  6.1289999999999999e+001	  3.1469999999999999e+001	  1.2289999999999999e+001	  1.9500000000000000e+000	  5.4500000000000002e+000	  2.3800000000000001e+001	
  7.3290300000000000e+005	  2.0850000000000001e+001	  3.0550000000000001e+001	  1.3300000000000001e+001	  7.4659999999999997e+001	  1.8829999999999998e+001	  1.2875999999999999e+002	  6.3469999999999999e+001	  3.7850000000000001e+001	  1.6500000000000000e+001	  5.0340000000000003e+001	  8.0459999999999994e+001	  4.7359999999999999e+001	  9.1899999999999995e+000	  2.8059999999999999e+001	  8.4709999999999994e+001	  3.8859999999999999e+001	  1.0690000000000000e+001	  2.5640000000000001e+001	  6.4199999999999999e+000	  2.2539999999999999e+001	  8.9760000000000005e+001	  2.2719999999999999e+001	  4.9270000000000003e+001	  1.5539999999999999e+001	  2.8559999999999999e+001	  1.2120999999999999e+002	  6.1600000000000001e+000	  3.2399999999999999e+001	  4.4699999999999998e+000	  9.7659999999999997e+001	  7.6340000000000003e+001	  1.0761000000000000e+002	  7.6640000000000001e+001	  2.5170000000000002e+001	  2.1590000000000000e+001	  8.3209999999999994e+001	  7.1939999999999998e+001	  1.1010000000000000e+001	  6.6109999999999999e+001	  3.6789999999999999e+001	  5.6180000000000000e+001	  6.4579999999999998e+001	  3.1949999999999999e+001	  1.2570000000000000e+001	  2.0200000000000000e+000	  5.6200000000000001e+000	  2.4590000000000000e+001	
  7.3291000000000000e+005	  2.1059999999999999e+001	  3.0129999999999999e+001	  1.3160000000000000e+001	  7.5319999999999993e+001	  1.8820000000000000e+001	  1.2772000000000000e+002	  6.3670000000000002e+001	  3.7450000000000003e+001	  1.6289999999999999e+001	  5.0340000000000003e+001	  7.9790000000000006e+001	  4.6840000000000003e+001	  8.8699999999999992e+000	  2.7239999999999998e+001	  8.5560000000000002e+001	  3.8270000000000003e+001	  1.0980000000000000e+001	  2.5800000000000001e+001	  6.3899999999999997e+000	  2.2520000000000000e+001	  9.0269999999999996e+001	  2.2520000000000000e+001	  5.0340000000000003e+001	  1.5539999999999999e+001	  2.9149999999999999e+001	  1.1958000000000000e+002	  6.1600000000000001e+000	  3.2619999999999997e+001	  4.7300000000000004e+000	  9.7269999999999996e+001	  7.6000000000000000e+001	  1.0653000000000000e+002	  7.6489999999999995e+001	  2.5160000000000000e+001	  2.1809999999999999e+001	  8.2659999999999997e+001	  7.1370000000000005e+001	  1.0920000000000000e+001	  6.4709999999999994e+001	  3.6420000000000002e+001	  5.5649999999999999e+001	  6.4299999999999997e+001	  3.1800000000000001e+001	  1.2650000000000000e+001	  2.0200000000000000e+000	  5.4299999999999997e+000	  2.4550000000000001e+001	
  7.3291700000000000e+005	  2.1500000000000000e+001	  2.9289999999999999e+001	  1.3500000000000000e+001	  7.7659999999999997e+001	  1.8910000000000000e+001	  1.2997000000000000e+002	  6.4650000000000006e+001	  3.6729999999999997e+001	  1.6770000000000000e+001	  5.1000000000000000e+001	  8.0510000000000005e+001	  4.7810000000000002e+001	  9.2699999999999996e+000	  2.8460000000000001e+001	  8.6540000000000006e+001	  3.8689999999999998e+001	  1.0760000000000000e+001	  2.6170000000000002e+001	  6.4199999999999999e+000	  2.2129999999999999e+001	  9.0810000000000002e+001	  2.2980000000000000e+001	  4.9130000000000003e+001	  1.5690000000000000e+001	  2.8859999999999999e+001	  1.1997000000000000e+002	  6.2800000000000002e+000	  3.3570000000000000e+001	  4.9699999999999998e+000	  9.9180000000000007e+001	  7.8140000000000001e+001	  1.0936000000000000e+002	  7.8549999999999997e+001	  2.5480000000000000e+001	  2.1670000000000002e+001	  8.3629999999999995e+001	  7.1390000000000001e+001	  1.1020000000000000e+001	  6.6109999999999999e+001	  3.7090000000000003e+001	  5.6820000000000000e+001	  6.5299999999999997e+001	  3.2840000000000003e+001	  1.2750000000000000e+001	  2.0400000000000000e+000	  5.5599999999999996e+000	  2.4670000000000002e+001	
  7.3292400000000000e+005	  2.0820000000000000e+001	  2.9399999999999999e+001	  1.3210000000000001e+001	  7.3459999999999994e+001	  1.8640000000000001e+001	  1.2899000000000001e+002	  6.3340000000000003e+001	  3.6450000000000003e+001	  1.6370000000000001e+001	  5.0439999999999998e+001	  7.9739999999999995e+001	  4.6700000000000003e+001	  9.1199999999999992e+000	  2.7570000000000000e+001	  8.5480000000000004e+001	  3.7670000000000002e+001	  1.0630000000000001e+001	  2.7170000000000002e+001	  6.5099999999999998e+000	  2.1609999999999999e+001	  9.0230000000000004e+001	  2.2480000000000000e+001	  4.7460000000000001e+001	  1.5690000000000000e+001	  2.8140000000000001e+001	  1.1634000000000000e+002	  6.3200000000000003e+000	  3.2490000000000002e+001	  4.8799999999999999e+000	  9.8000000000000000e+001	  7.5950000000000003e+001	  1.0793000000000001e+002	  7.6390000000000001e+001	  2.5180000000000000e+001	  2.1320000000000000e+001	  8.1010000000000005e+001	  7.0650000000000006e+001	  1.0900000000000000e+001	  6.3210000000000001e+001	  3.6399999999999999e+001	  5.5350000000000001e+001	  6.4469999999999999e+001	  3.2500000000000000e+001	  1.2390000000000001e+001	  2.1299999999999999e+000	  5.5199999999999996e+000	  2.4510000000000002e+001	
  7.3293100000000000e+005	  2.1770000000000000e+001	  3.1109999999999999e+001	  1.3740000000000000e+001	  7.3959999999999994e+001	  1.8690000000000001e+001	  1.3193000000000001e+002	  6.2469999999999999e+001	  3.7689999999999998e+001	  1.6710000000000001e+001	  5.1719999999999999e+001	  8.0370000000000005e+001	  4.8439999999999998e+001	  9.0899999999999999e+000	  2.8030000000000001e+001	  8.9780000000000001e+001	  3.6759999999999998e+001	  1.1170000000000000e+001	  2.7500000000000000e+001	  6.5499999999999998e+000	  2.0960000000000001e+001	  9.0500000000000000e+001	  2.3489999999999998e+001	  4.6270000000000003e+001	  1.6410000000000000e+001	  2.8820000000000000e+001	  1.2111000000000000e+002	  6.8399999999999999e+000	  3.3719999999999999e+001	  4.8099999999999996e+000	  9.8980000000000004e+001	  7.6680000000000007e+001	  1.1154000000000001e+002	  7.8359999999999999e+001	  2.6079999999999998e+001	  2.0850000000000001e+001	  8.2340000000000003e+001	  7.1799999999999997e+001	  1.1130000000000001e+001	  6.3630000000000003e+001	  3.8549999999999997e+001	  5.6039999999999999e+001	  6.6140000000000001e+001	  3.3549999999999997e+001	  1.2340000000000000e+001	  2.0699999999999998e+000	  5.6900000000000004e+000	  2.5000000000000000e+001	
  7.3293800000000000e+005	  2.1850000000000001e+001	  3.1579999999999998e+001	  1.3510000000000000e+001	  7.3180000000000007e+001	  1.9520000000000000e+001	  1.3134000000000000e+002	  6.2340000000000003e+001	  3.6759999999999998e+001	  1.6620000000000001e+001	  5.2380000000000003e+001	  8.0079999999999998e+001	  4.8439999999999998e+001	  8.9399999999999995e+000	  2.7739999999999998e+001	  8.9150000000000006e+001	  3.6729999999999997e+001	  1.1529999999999999e+001	  2.8100000000000001e+001	  6.5099999999999998e+000	  2.1070000000000000e+001	  8.7379999999999995e+001	  2.3640000000000001e+001	  4.6710000000000001e+001	  1.6600000000000001e+001	  2.8539999999999999e+001	  1.2130000000000000e+002	  7.0000000000000000e+000	  3.3320000000000000e+001	  4.7800000000000002e+000	  9.8590000000000003e+001	  7.7560000000000002e+001	  1.1254000000000001e+002	  7.7769999999999996e+001	  2.6109999999999999e+001	  2.0989999999999998e+001	  8.0879999999999995e+001	  6.9590000000000003e+001	  1.1230000000000000e+001	  6.4189999999999998e+001	  3.7909999999999997e+001	  5.5740000000000002e+001	  6.5599999999999994e+001	  3.3009999999999998e+001	  1.2529999999999999e+001	  2.0699999999999998e+000	  5.7300000000000004e+000	  2.5280000000000001e+001	
  7.3294500000000000e+005	  2.2250000000000000e+001	  3.2180000000000000e+001	  1.4170000000000000e+001	  7.5079999999999998e+001	  1.9579999999999998e+001	  1.3337000000000000e+002	  6.3149999999999999e+001	  3.8450000000000003e+001	  1.6960000000000001e+001	  5.2479999999999997e+001	  8.2060000000000002e+001	  4.8920000000000002e+001	  9.3300000000000001e+000	  2.8149999999999999e+001	  9.1870000000000005e+001	  3.6979999999999997e+001	  1.1869999999999999e+001	  3.2149999999999999e+001	  6.6100000000000003e+000	  2.1660000000000000e+001	  8.5060000000000002e+001	  2.4129999999999999e+001	  4.8159999999999997e+001	  1.7140000000000001e+001	  2.8870000000000001e+001	  1.1978000000000000e+002	  7.6399999999999997e+000	  3.3969999999999999e+001	  4.8700000000000001e+000	  9.9469999999999999e+001	  7.9209999999999994e+001	  1.1533000000000000e+002	  7.8599999999999994e+001	  2.6340000000000000e+001	  2.2710000000000001e+001	  8.2939999999999998e+001	  7.2750000000000000e+001	  1.1350000000000000e+001	  6.5640000000000001e+001	  3.9100000000000001e+001	  5.6039999999999999e+001	  6.7489999999999995e+001	  3.3619999999999997e+001	  1.2970000000000001e+001	  2.1099999999999999e+000	  5.8300000000000001e+000	  2.5989999999999998e+001	
  7.3295200000000000e+005	  2.2680000000000000e+001	  3.3100000000000001e+001	  1.4109999999999999e+001	  7.5359999999999999e+001	  1.9210000000000001e+001	  1.3725000000000000e+002	  6.4680000000000007e+001	  3.8299999999999997e+001	  1.7670000000000002e+001	  5.3240000000000002e+001	  8.4040000000000006e+001	  5.0159999999999997e+001	  9.0700000000000003e+000	  2.9020000000000000e+001	  9.4560000000000002e+001	  3.7369999999999997e+001	  1.1949999999999999e+001	  3.2490000000000002e+001	  6.6100000000000003e+000	  2.1719999999999999e+001	  8.3879999999999995e+001	  2.4670000000000002e+001	  4.7740000000000002e+001	  1.7609999999999999e+001	  2.9370000000000001e+001	  1.2083000000000000e+002	  7.8399999999999999e+000	  3.4310000000000002e+001	  4.9400000000000004e+000	  1.0084000000000000e+002	  7.9750000000000000e+001	  1.1645000000000000e+002	  7.8599999999999994e+001	  2.6359999999999999e+001	  2.3050000000000001e+001	  8.2620000000000005e+001	  7.6950000000000003e+001	  1.1670000000000000e+001	  6.4519999999999996e+001	  4.0299999999999997e+001	  5.6770000000000003e+001	  6.6549999999999997e+001	  3.3149999999999999e+001	  1.2980000000000000e+001	  2.1299999999999999e+000	  5.9500000000000002e+000	  2.6120000000000001e+001	
  7.3295900000000000e+005	  2.2480000000000000e+001	  3.1579999999999998e+001	  1.4230000000000000e+001	  7.5599999999999994e+001	  2.0010000000000002e+001	  1.4209999999999999e+002	  6.5680000000000007e+001	  3.8299999999999997e+001	  1.8010000000000002e+001	  5.2820000000000000e+001	  8.4239999999999995e+001	  4.9280000000000001e+001	  9.3000000000000007e+000	  3.0140000000000001e+001	  9.5219999999999999e+001	  3.8240000000000002e+001	  1.2100000000000000e+001	  3.2640000000000001e+001	  6.5700000000000003e+000	  2.2070000000000000e+001	  8.5219999999999999e+001	  2.5180000000000000e+001	  4.8710000000000001e+001	  1.7899999999999999e+001	  3.0370000000000001e+001	  1.2665000000000001e+002	  7.4800000000000004e+000	  3.5159999999999997e+001	  5.0999999999999996e+000	  1.0367000000000000e+002	  8.0819999999999993e+001	  1.1814000000000000e+002	  7.4430000000000007e+001	  2.6579999999999998e+001	  2.5309999999999999e+001	  8.2890000000000001e+001	  7.7870000000000005e+001	  1.2279999999999999e+001	  6.4609999999999999e+001	  4.1240000000000002e+001	  5.7509999999999998e+001	  6.6040000000000006e+001	  3.3710000000000001e+001	  1.3289999999999999e+001	  2.1899999999999999e+000	  5.9600000000000000e+000	  2.6190000000000001e+001	
  7.3296600000000000e+005	  2.2469999999999999e+001	  3.1050000000000001e+001	  1.4020000000000000e+001	  7.5739999999999995e+001	  1.9699999999999999e+001	  1.4105000000000001e+002	  6.6849999999999994e+001	  3.8560000000000002e+001	  1.7739999999999998e+001	  5.4939999999999998e+001	  8.3409999999999997e+001	  4.9380000000000003e+001	  9.2799999999999994e+000	  2.9539999999999999e+001	  9.4230000000000004e+001	  3.8859999999999999e+001	  1.2070000000000000e+001	  3.2840000000000003e+001	  6.6399999999999997e+000	  2.2530000000000001e+001	  8.5670000000000002e+001	  2.4960000000000001e+001	  4.9969999999999999e+001	  1.7890000000000001e+001	  3.0379999999999999e+001	  1.2464000000000000e+002	  7.7599999999999998e+000	  3.4969999999999999e+001	  5.0099999999999998e+000	  1.0356999999999999e+002	  7.9599999999999994e+001	  1.1809000000000000e+002	  7.4189999999999998e+001	  2.6359999999999999e+001	  2.5210000000000001e+001	  8.2250000000000000e+001	  7.8000000000000000e+001	  1.2140000000000001e+001	  6.5640000000000001e+001	  3.9210000000000001e+001	  5.6630000000000003e+001	  6.9890000000000001e+001	  3.4270000000000003e+001	  1.3539999999999999e+001	  2.1400000000000001e+000	  5.8600000000000003e+000	  2.6520000000000000e+001	
  7.3297300000000000e+005	  2.2250000000000000e+001	  3.1219999999999999e+001	  1.3980000000000000e+001	  7.7840000000000003e+001	  1.9739999999999998e+001	  1.4159000000000000e+002	  6.8920000000000002e+001	  3.7890000000000001e+001	  1.7629999999999999e+001	  5.5000000000000000e+001	  8.3700000000000003e+001	  4.7759999999999998e+001	  9.7300000000000004e+000	  2.9020000000000000e+001	  9.5140000000000001e+001	  4.0600000000000001e+001	  1.2789999999999999e+001	  3.3060000000000002e+001	  6.8899999999999997e+000	  2.2010000000000002e+001	  8.5250000000000000e+001	  2.4730000000000000e+001	  4.9920000000000002e+001	  1.9469999999999999e+001	  3.0070000000000000e+001	  1.2541000000000000e+002	  7.8399999999999999e+000	  3.4030000000000001e+001	  4.9299999999999997e+000	  1.0356999999999999e+002	  8.0189999999999998e+001	  1.1643000000000001e+002	  7.4730000000000004e+001	  2.6530000000000001e+001	  2.5160000000000000e+001	  8.3349999999999994e+001	  7.7379999999999995e+001	  1.2390000000000001e+001	  6.4189999999999998e+001	  3.8990000000000002e+001	  5.7070000000000000e+001	  6.9900000000000006e+001	  3.4090000000000003e+001	  1.4330000000000000e+001	  2.2100000000000000e+000	  5.8099999999999996e+000	  2.7230000000000000e+001	
  7.3298000000000000e+005	  2.2030000000000001e+001	  3.0800000000000001e+001	  1.3710000000000001e+001	  7.8359999999999999e+001	  1.9379999999999999e+001	  1.4065000000000001e+002	  6.7299999999999997e+001	  3.8030000000000001e+001	  1.7660000000000000e+001	  5.4460000000000001e+001	  8.1239999999999995e+001	  4.7670000000000002e+001	  9.4600000000000009e+000	  2.8660000000000000e+001	  9.3730000000000004e+001	  4.2829999999999998e+001	  1.2859999999999999e+001	  3.3859999999999999e+001	  6.9400000000000004e+000	  2.1920000000000002e+001	  8.3469999999999999e+001	  2.4750000000000000e+001	  4.9409999999999997e+001	  1.9230000000000000e+001	  3.0870000000000001e+001	  1.2216000000000000e+002	  7.8399999999999999e+000	  3.3719999999999999e+001	  5.0099999999999998e+000	  1.0269000000000000e+002	  7.8140000000000001e+001	  1.1717000000000000e+002	  7.5359999999999999e+001	  2.6180000000000000e+001	  2.5789999999999999e+001	  8.4409999999999997e+001	  7.5989999999999995e+001	  1.2230000000000000e+001	  6.1670000000000002e+001	  3.8530000000000001e+001	  5.6140000000000001e+001	  6.9010000000000005e+001	  3.4210000000000001e+001	  1.4449999999999999e+001	  2.2400000000000002e+000	  5.7999999999999998e+000	  2.7730000000000000e+001	
  7.3298700000000000e+005	  2.2390000000000001e+001	  3.1039999999999999e+001	  1.3930000000000000e+001	  8.0780000000000001e+001	  2.0280000000000001e+001	  1.4805000000000001e+002	  7.0000000000000000e+001	  3.8659999999999997e+001	  1.7910000000000000e+001	  5.6280000000000001e+001	  8.3269999999999996e+001	  4.8579999999999998e+001	  9.9299999999999997e+000	  2.9340000000000000e+001	  9.4719999999999999e+001	  4.3140000000000001e+001	  1.2430000000000000e+001	  3.4070000000000000e+001	  7.1500000000000004e+000	  2.2989999999999998e+001	  8.5629999999999995e+001	  2.4289999999999999e+001	  5.2020000000000003e+001	  1.8710000000000001e+001	  3.0960000000000001e+001	  1.2531000000000000e+002	  7.5199999999999996e+000	  3.3039999999999999e+001	  5.0400000000000000e+000	  1.0768000000000001e+002	  7.9260000000000005e+001	  1.1743000000000001e+002	  7.6299999999999997e+001	  2.6840000000000000e+001	  2.6899999999999999e+001	  8.6739999999999995e+001	  7.9379999999999995e+001	  1.2640000000000001e+001	  6.1530000000000001e+001	  3.9289999999999999e+001	  5.6479999999999997e+001	  7.3469999999999999e+001	  3.5500000000000000e+001	  1.4720000000000001e+001	  2.2000000000000002e+000	  5.8600000000000003e+000	  2.7350000000000001e+001	
  7.3299400000000000e+005	  2.2230000000000000e+001	  3.1730000000000000e+001	  1.3600000000000000e+001	  8.1060000000000002e+001	  2.0260000000000002e+001	  1.4656999999999999e+002	  7.0480000000000004e+001	  3.8159999999999997e+001	  1.7969999999999999e+001	  5.5560000000000002e+001	  8.0900000000000006e+001	  4.7890000000000001e+001	  1.0190000000000000e+001	  2.8850000000000001e+001	  9.6000000000000000e+001	  4.4240000000000002e+001	  1.3029999999999999e+001	  3.4500000000000000e+001	  7.2500000000000000e+000	  2.2890000000000001e+001	  8.7640000000000001e+001	  2.4420000000000002e+001	  5.1460000000000001e+001	  1.9199999999999999e+001	  3.0920000000000002e+001	  1.2359000000000000e+002	  7.4000000000000004e+000	  3.3200000000000003e+001	  5.1500000000000004e+000	  1.0758000000000000e+002	  8.1799999999999997e+001	  1.1498999999999999e+002	  7.7129999999999995e+001	  2.7670000000000002e+001	  2.6309999999999999e+001	  8.8209999999999994e+001	  8.0799999999999997e+001	  1.2760000000000000e+001	  6.1810000000000002e+001	  4.0270000000000003e+001	  5.9170000000000002e+001	  7.4310000000000002e+001	  3.5259999999999998e+001	  1.5279999999999999e+001	  2.2400000000000002e+000	  5.9199999999999999e+000	  2.7430000000000000e+001	
  7.3300100000000000e+005	  2.2090000000000000e+001	  2.9539999999999999e+001	  1.3520000000000000e+001	  8.1019999999999996e+001	  2.0180000000000000e+001	  1.4565000000000001e+002	  7.0709999999999994e+001	  3.7299999999999997e+001	  1.7829999999999998e+001	  5.5520000000000003e+001	  8.0269999999999996e+001	  4.6939999999999998e+001	  9.8900000000000006e+000	  2.8600000000000001e+001	  9.6930000000000007e+001	  4.2729999999999997e+001	  1.2949999999999999e+001	  3.4180000000000000e+001	  7.2300000000000004e+000	  2.2850000000000001e+001	  8.7560000000000002e+001	  2.3530000000000001e+001	  5.0990000000000002e+001	  1.8910000000000000e+001	  3.0809999999999999e+001	  1.2254000000000001e+002	  7.1600000000000001e+000	  3.1930000000000000e+001	  5.1699999999999999e+000	  1.0758000000000000e+002	  7.9849999999999994e+001	  1.1320000000000000e+002	  7.6049999999999997e+001	  2.7469999999999999e+001	  2.6750000000000000e+001	  8.5319999999999993e+001	  8.6540000000000006e+001	  1.2810000000000000e+001	  6.1810000000000002e+001	  4.0289999999999999e+001	  5.8829999999999998e+001	  7.3180000000000007e+001	  3.4880000000000003e+001	  1.5090000000000000e+001	  2.2300000000000000e+000	  5.9000000000000004e+000	  2.6800000000000001e+001	
  7.3300800000000000e+005	  2.1789999999999999e+001	  2.9129999999999999e+001	  1.2960000000000001e+001	  7.8219999999999999e+001	  1.9300000000000001e+001	  1.4188000000000000e+002	  6.9000000000000000e+001	  3.7140000000000001e+001	  1.6920000000000002e+001	  5.3719999999999999e+001	  7.7269999999999996e+001	  4.5350000000000001e+001	  9.7500000000000000e+000	  2.7170000000000002e+001	  9.3120000000000005e+001	  4.0729999999999997e+001	  1.2440000000000000e+001	  3.3539999999999999e+001	  7.1600000000000001e+000	  2.2750000000000000e+001	  8.6010000000000005e+001	  2.3059999999999999e+001	  4.9759999999999998e+001	  1.8329999999999998e+001	  3.1649999999999999e+001	  1.1968000000000001e+002	  7.1600000000000001e+000	  3.0850000000000001e+001	  4.9600000000000000e+000	  1.0581999999999999e+002	  7.4530000000000001e+001	  1.1327000000000000e+002	  7.3209999999999994e+001	  2.6710000000000001e+001	  2.5969999999999999e+001	  8.1010000000000005e+001	  8.5579999999999998e+001	  1.2400000000000000e+001	  6.1340000000000003e+001	  3.8460000000000001e+001	  5.7700000000000003e+001	  6.9540000000000006e+001	  3.4810000000000002e+001	  1.4560000000000000e+001	  2.1099999999999999e+000	  5.7699999999999996e+000	  2.6210000000000001e+001	
  7.3301500000000000e+005	  2.1960000000000001e+001	  2.9100000000000001e+001	  1.3140000000000001e+001	  8.0400000000000006e+001	  2.0030000000000001e+001	  1.4519999999999999e+002	  7.1010000000000005e+001	  3.7979999999999997e+001	  1.7030000000000001e+001	  5.5180000000000000e+001	  7.8049999999999997e+001	  4.5030000000000001e+001	  1.0070000000000000e+001	  2.8430000000000000e+001	  9.5760000000000005e+001	  4.1719999999999999e+001	  1.2650000000000000e+001	  3.4000000000000000e+001	  7.3200000000000003e+000	  2.2910000000000000e+001	  9.1120000000000005e+001	  2.3199999999999999e+001	  5.0939999999999998e+001	  1.8559999999999999e+001	  3.3619999999999997e+001	  1.1834000000000000e+002	  7.1600000000000001e+000	  3.0879999999999999e+001	  4.9800000000000004e+000	  1.0738000000000000e+002	  7.5599999999999994e+001	  1.1590000000000001e+002	  7.4189999999999998e+001	  2.6539999999999999e+001	  2.6800000000000001e+001	  8.0739999999999995e+001	  8.7950000000000003e+001	  1.2740000000000000e+001	  6.4099999999999994e+001	  3.8939999999999998e+001	  5.9270000000000003e+001	  7.2200000000000003e+001	  3.6840000000000003e+001	  1.5350000000000000e+001	  2.1099999999999999e+000	  5.8399999999999999e+000	  2.6780000000000001e+001	
  7.3302200000000000e+005	  2.3510000000000002e+001	  2.9719999999999999e+001	  1.3760000000000000e+001	  8.3760000000000005e+001	  2.1160000000000000e+001	  1.5003000000000000e+002	  7.2569999999999993e+001	  3.8659999999999997e+001	  1.7410000000000000e+001	  5.6320000000000000e+001	  8.0420000000000002e+001	  4.6869999999999997e+001	  1.0550000000000001e+001	  2.9780000000000001e+001	  9.8209999999999994e+001	  4.3350000000000001e+001	  1.3199999999999999e+001	  3.3890000000000001e+001	  7.4400000000000004e+000	  2.3859999999999999e+001	  9.5000000000000000e+001	  2.4180000000000000e+001	  5.2640000000000001e+001	  1.9870000000000001e+001	  3.3670000000000002e+001	  1.2216000000000000e+002	  7.2400000000000002e+000	  3.2990000000000002e+001	  5.0300000000000002e+000	  1.1090000000000001e+002	  7.8489999999999995e+001	  1.1761000000000000e+002	  7.7230000000000004e+001	  2.6910000000000000e+001	  2.6899999999999999e+001	  8.4180000000000007e+001	  8.9849999999999994e+001	  1.3020000000000000e+001	  6.5590000000000003e+001	  3.9530000000000001e+001	  6.0789999999999999e+001	  7.2870000000000005e+001	  3.7270000000000003e+001	  1.5760000000000000e+001	  2.1800000000000002e+000	  5.9500000000000002e+000	  2.6809999999999999e+001	
  7.3302900000000000e+005	  2.3690000000000001e+001	  2.9190000000000001e+001	  1.3650000000000000e+001	  8.3120000000000005e+001	  2.1020000000000000e+001	  1.5119000000000000e+002	  7.2939999999999998e+001	  3.8520000000000003e+001	  1.7000000000000000e+001	  5.4700000000000003e+001	  7.7849999999999994e+001	  4.4640000000000001e+001	  1.0449999999999999e+001	  2.9180000000000000e+001	  9.6819999999999993e+001	  4.3259999999999998e+001	  1.2980000000000000e+001	  3.3829999999999998e+001	  7.2699999999999996e+000	  2.3359999999999999e+001	  9.0829999999999998e+001	  2.4230000000000000e+001	  5.0799999999999997e+001	  1.9620000000000001e+001	  3.2430000000000000e+001	  1.2216000000000000e+002	  7.1600000000000001e+000	  3.2719999999999999e+001	  5.0499999999999998e+000	  1.1090000000000001e+002	  7.6480000000000004e+001	  1.2036000000000000e+002	  7.3500000000000000e+001	  2.6800000000000001e+001	  2.5399999999999999e+001	  8.0829999999999998e+001	  8.2810000000000002e+001	  1.2869999999999999e+001	  6.4469999999999999e+001	  3.9619999999999997e+001	  6.1670000000000002e+001	  7.1409999999999997e+001	  3.7100000000000001e+001	  1.5560000000000000e+001	  2.1000000000000001e+000	  5.9100000000000001e+000	  2.6910000000000000e+001	
  7.3303600000000000e+005	  2.3559999999999999e+001	  2.9600000000000001e+001	  1.3840000000000000e+001	  8.3959999999999994e+001	  2.0969999999999999e+001	  1.5122999999999999e+002	  7.3849999999999994e+001	  3.8890000000000001e+001	  1.7070000000000000e+001	  5.4420000000000002e+001	  7.9930000000000007e+001	  4.5100000000000001e+001	  1.0560000000000000e+001	  2.9690000000000001e+001	  9.7829999999999998e+001	  4.3920000000000002e+001	  1.3100000000000000e+001	  3.4340000000000003e+001	  7.3600000000000003e+000	  2.3620000000000001e+001	  9.3569999999999993e+001	  2.4359999999999999e+001	  5.1649999999999999e+001	  1.9840000000000000e+001	  3.2560000000000002e+001	  1.2273000000000000e+002	  7.2000000000000002e+000	  3.2899999999999999e+001	  5.4800000000000004e+000	  1.1012000000000000e+002	  7.8250000000000000e+001	  1.2061000000000000e+002	  7.4480000000000004e+001	  2.7199999999999999e+001	  2.5350000000000001e+001	  8.3439999999999998e+001	  8.3500000000000000e+001	  1.2970000000000001e+001	  6.5409999999999997e+001	  4.0259999999999998e+001	  6.2359999999999999e+001	  7.3709999999999994e+001	  3.8030000000000001e+001	  1.5590000000000000e+001	  2.1600000000000001e+000	  5.9100000000000001e+000	  2.7070000000000000e+001	
  7.3304300000000000e+005	  2.3680000000000000e+001	  2.9440000000000001e+001	  1.3869999999999999e+001	  8.3019999999999996e+001	  2.1250000000000000e+001	  1.5362000000000000e+002	  7.3150000000000006e+001	  3.8990000000000002e+001	  1.7539999999999999e+001	  5.4939999999999998e+001	  8.1329999999999998e+001	  4.5820000000000000e+001	  1.0980000000000000e+001	  3.0199999999999999e+001	  9.8519999999999996e+001	  4.4219999999999999e+001	  1.3670000000000000e+001	  3.3829999999999998e+001	  7.3300000000000001e+000	  2.3109999999999999e+001	  8.8500000000000000e+001	  2.4469999999999999e+001	  4.9850000000000001e+001	  2.0460000000000001e+001	  3.2850000000000001e+001	  1.2464000000000000e+002	  7.4800000000000004e+000	  3.2960000000000001e+001	  5.3600000000000003e+000	  1.0992000000000000e+002	  7.6920000000000002e+001	  1.1998999999999999e+002	  7.4780000000000001e+001	  2.6870000000000001e+001	  2.5199999999999999e+001	  8.4180000000000007e+001	  8.0500000000000000e+001	  1.3300000000000001e+001	  6.5549999999999997e+001	  4.0820000000000000e+001	  6.2409999999999997e+001	  7.3890000000000001e+001	  3.7250000000000000e+001	  1.6239999999999998e+001	  2.2200000000000002e+000	  6.0599999999999996e+000	  2.7309999999999999e+001	
  7.3305000000000000e+005	  2.4149999999999999e+001	  3.0590000000000000e+001	  1.4930000000000000e+001	  8.4000000000000000e+001	  2.0739999999999998e+001	  1.5272999999999999e+002	  7.3560000000000002e+001	  4.1320000000000000e+001	  1.7840000000000000e+001	  5.5140000000000001e+001	  8.2400000000000006e+001	  4.3390000000000001e+001	  1.1300000000000001e+001	  3.1899999999999999e+001	  1.0061000000000000e+002	  4.3909999999999997e+001	  1.3960000000000001e+001	  3.5259999999999998e+001	  7.3799999999999999e+000	  2.2809999999999999e+001	  9.1599999999999994e+001	  2.4690000000000001e+001	  4.9329999999999998e+001	  2.0989999999999998e+001	  3.3280000000000001e+001	  1.2598000000000000e+002	  7.4000000000000004e+000	  3.3049999999999997e+001	  5.4199999999999999e+000	  1.1041000000000000e+002	  7.7120000000000005e+001	  1.1998999999999999e+002	  7.4329999999999998e+001	  2.7629999999999999e+001	  2.4399999999999999e+001	  8.4409999999999997e+001	  8.2269999999999996e+001	  1.3109999999999999e+001	  6.5870000000000005e+001	  3.9000000000000000e+001	  6.8040000000000006e+001	  7.5969999999999999e+001	  3.9109999999999999e+001	  1.6370000000000001e+001	  2.2400000000000002e+000	  6.1900000000000004e+000	  2.9090000000000000e+001	
  7.3305700000000000e+005	  2.3989999999999998e+001	  3.0649999999999999e+001	  1.4830000000000000e+001	  8.4239999999999995e+001	  2.0829999999999998e+001	  1.4844000000000000e+002	  7.3459999999999994e+001	  4.1979999999999997e+001	  1.8020000000000000e+001	  5.4320000000000000e+001	  8.1719999999999999e+001	  4.3359999999999999e+001	  1.0859999999999999e+001	  3.2130000000000003e+001	  1.0138000000000000e+002	  4.5810000000000002e+001	  1.3840000000000000e+001	  3.6289999999999999e+001	  7.4199999999999999e+000	  2.2899999999999999e+001	  9.0579999999999998e+001	  2.4489999999999998e+001	  4.9100000000000001e+001	  2.0820000000000000e+001	  3.2539999999999999e+001	  1.2645999999999999e+002	  7.3600000000000003e+000	  3.3310000000000002e+001	  5.4100000000000001e+000	  1.1206999999999999e+002	  7.7409999999999997e+001	  1.1809000000000000e+002	  7.3939999999999998e+001	  2.7969999999999999e+001	  2.3980000000000000e+001	  8.6329999999999998e+001	  8.0239999999999995e+001	  1.3119999999999999e+001	  6.6620000000000005e+001	  3.7829999999999998e+001	  6.9510000000000005e+001	  7.6719999999999999e+001	  3.6850000000000001e+001	  1.6230000000000000e+001	  2.2500000000000000e+000	  6.2999999999999998e+000	  2.9300000000000001e+001	
  7.3306400000000000e+005	  2.3870000000000001e+001	  3.0520000000000000e+001	  1.4480000000000000e+001	  8.2599999999999994e+001	  2.0600000000000001e+001	  1.4441000000000000e+002	  7.1950000000000003e+001	  4.1189999999999998e+001	  1.7910000000000000e+001	  5.4939999999999998e+001	  8.0370000000000005e+001	  4.3219999999999999e+001	  9.6799999999999997e+000	  3.0980000000000000e+001	  1.0306000000000000e+002	  4.5320000000000000e+001	  1.3410000000000000e+001	  3.7079999999999998e+001	  7.5599999999999996e+000	  2.3010000000000002e+001	  8.9810000000000002e+001	  2.3920000000000002e+001	  4.8859999999999999e+001	  2.0239999999999998e+001	  3.1899999999999999e+001	  1.2684000000000000e+002	  7.4400000000000004e+000	  3.2780000000000001e+001	  5.4699999999999998e+000	  1.1325000000000000e+002	  7.6239999999999995e+001	  1.1365000000000001e+002	  7.9090000000000003e+001	  2.8370000000000001e+001	  2.4090000000000000e+001	  8.6969999999999999e+001	  8.0560000000000002e+001	  1.3090000000000000e+001	  6.5409999999999997e+001	  3.5619999999999997e+001	  7.1170000000000002e+001	  7.9459999999999994e+001	  3.6030000000000001e+001	  1.6109999999999999e+001	  2.1699999999999999e+000	  6.3600000000000003e+000	  2.9030000000000001e+001	
  7.3307100000000000e+005	  2.3899999999999999e+001	  3.1239999999999998e+001	  1.4850000000000000e+001	  8.3819999999999993e+001	  2.1160000000000000e+001	  1.5181000000000000e+002	  7.5640000000000001e+001	  4.3390000000000001e+001	  1.8340000000000000e+001	  5.6320000000000000e+001	  8.4040000000000006e+001	  4.5020000000000003e+001	  9.4700000000000006e+000	  3.2149999999999999e+001	  1.0383000000000000e+002	  4.5530000000000001e+001	  1.2760000000000000e+001	  3.7409999999999997e+001	  7.7400000000000002e+000	  2.2840000000000000e+001	  9.9569999999999993e+001	  2.4910000000000000e+001	  4.9759999999999998e+001	  1.9969999999999999e+001	  3.2750000000000000e+001	  1.3199000000000001e+002	  7.5599999999999996e+000	  3.3700000000000003e+001	  5.4299999999999997e+000	  1.1559000000000000e+002	  7.9420000000000002e+001	  1.1430000000000000e+002	  7.9879999999999995e+001	  2.8480000000000000e+001	  2.4530000000000001e+001	  8.4180000000000007e+001	  8.2269999999999996e+001	  1.3310000000000000e+001	  6.3259999999999998e+001	  3.5560000000000002e+001	  7.1319999999999993e+001	  8.2700000000000003e+001	  3.7509999999999998e+001	  1.6289999999999999e+001	  2.1400000000000001e+000	  6.4500000000000002e+000	  2.9020000000000000e+001	
  7.3307800000000000e+005	  2.4620000000000001e+001	  3.0989999999999998e+001	  1.4820000000000000e+001	  8.3260000000000005e+001	  2.1670000000000002e+001	  1.5309999999999999e+002	  7.7000000000000000e+001	  4.2649999999999999e+001	  1.8829999999999998e+001	  5.5799999999999997e+001	  8.4379999999999995e+001	  4.5320000000000000e+001	  9.8300000000000001e+000	  3.1590000000000000e+001	  1.0323000000000000e+002	  4.6500000000000000e+001	  1.2990000000000000e+001	  3.6420000000000002e+001	  7.8200000000000003e+000	  2.2850000000000001e+001	  1.0014000000000000e+002	  2.4969999999999999e+001	  4.9850000000000001e+001	  2.0309999999999999e+001	  3.3119999999999997e+001	  1.3419000000000000e+002	  8.0399999999999991e+000	  3.3969999999999999e+001	  5.4100000000000001e+000	  1.1413000000000000e+002	  8.1030000000000001e+001	  1.1297000000000000e+002	  7.9489999999999995e+001	  2.8410000000000000e+001	  2.4489999999999998e+001	  8.3900000000000006e+001	  8.4109999999999999e+001	  1.3430000000000000e+001	  6.3119999999999997e+001	  3.5890000000000001e+001	  7.1959999999999994e+001	  8.1620000000000005e+001	  3.7329999999999998e+001	  1.6579999999999998e+001	  2.1499999999999999e+000	  6.4699999999999998e+000	  2.8649999999999999e+001	
  7.3308500000000000e+005	  2.4570000000000000e+001	  2.9879999999999999e+001	  1.4580000000000000e+001	  8.1379999999999995e+001	  2.2140000000000001e+001	  1.5206999999999999e+002	  7.6219999999999999e+001	  4.2530000000000001e+001	  1.8370000000000001e+001	  5.8640000000000001e+001	  8.0420000000000002e+001	  4.7180000000000000e+001	  9.6600000000000001e+000	  3.1699999999999999e+001	  1.0351000000000001e+002	  5.0780000000000001e+001	  1.2940000000000000e+001	  3.6560000000000002e+001	  7.8600000000000003e+000	  2.2590000000000000e+001	  9.7819999999999993e+001	  2.5829999999999998e+001	  5.0420000000000002e+001	  2.0410000000000000e+001	  3.3469999999999999e+001	  1.2884000000000000e+002	  8.0000000000000000e+000	  3.3350000000000001e+001	  5.3300000000000001e+000	  1.1284999999999999e+002	  8.5390000000000001e+001	  1.1388000000000000e+002	  7.8549999999999997e+001	  2.8109999999999999e+001	  2.4270000000000000e+001	  8.5829999999999998e+001	  8.2450000000000003e+001	  1.3400000000000000e+001	  6.2229999999999997e+001	  3.5789999999999999e+001	  7.2010000000000005e+001	  8.2659999999999997e+001	  3.7789999999999999e+001	  1.6570000000000000e+001	  2.2700000000000000e+000	  6.4500000000000002e+000	  2.8520000000000000e+001	
  7.3309200000000000e+005	  2.7030000000000001e+001	  2.9340000000000000e+001	  1.4940000000000000e+001	  8.3400000000000006e+001	  2.1859999999999999e+001	  1.6033000000000001e+002	  7.9170000000000002e+001	  4.2670000000000002e+001	  1.8090000000000000e+001	  5.9219999999999999e+001	  7.9599999999999994e+001	  4.9140000000000001e+001	  9.7799999999999994e+000	  3.2439999999999998e+001	  1.0253000000000000e+002	  5.0479999999999997e+001	  1.3050000000000001e+001	  3.6719999999999999e+001	  7.7800000000000002e+000	  2.2020000000000000e+001	  9.8000000000000000e+001	  2.5840000000000000e+001	  4.9969999999999999e+001	  2.0309999999999999e+001	  3.3030000000000001e+001	  1.2598000000000000e+002	  7.9199999999999999e+000	  3.2759999999999998e+001	  5.3300000000000001e+000	  1.1508000000000000e+002	  8.6319999999999993e+001	  1.1595999999999999e+002	  8.0319999999999993e+001	  2.8140000000000001e+001	  2.4180000000000000e+001	  8.5640000000000001e+001	  7.8450000000000003e+001	  1.3440000000000000e+001	  6.2289999999999999e+001	  3.4850000000000001e+001	  7.2090000000000003e+001	  8.2900000000000006e+001	  3.7000000000000000e+001	  1.6390000000000001e+001	  2.2400000000000002e+000	  6.3799999999999999e+000	  2.7890000000000001e+001	
  7.3309900000000000e+005	  2.6140000000000001e+001	  2.7629999999999999e+001	  1.3859999999999999e+001	  8.0000000000000000e+001	  2.0219999999999999e+001	  1.5366999999999999e+002	  7.6819999999999993e+001	  4.0430000000000000e+001	  1.6859999999999999e+001	  5.6060000000000002e+001	  7.4730000000000004e+001	  5.1049999999999997e+001	  9.1199999999999992e+000	  3.0010000000000002e+001	  9.4409999999999997e+001	  4.7719999999999999e+001	  1.2050000000000001e+001	  3.6890000000000001e+001	  7.4199999999999999e+000	  2.1449999999999999e+001	  8.7719999999999999e+001	  2.3730000000000000e+001	  4.7159999999999997e+001	  1.8820000000000000e+001	  3.0750000000000000e+001	  1.1854000000000001e+002	  7.5199999999999996e+000	  3.0699999999999999e+001	  5.1699999999999999e+000	  1.0694000000000000e+002	  8.1040000000000006e+001	  1.0881999999999999e+002	  7.6489999999999995e+001	  2.6270000000000000e+001	  2.2690000000000001e+001	  8.0000000000000000e+001	  7.6280000000000001e+001	  1.2609999999999999e+001	  5.9930000000000000e+001	  3.5340000000000003e+001	  6.8379999999999995e+001	  7.7150000000000006e+001	  3.4899999999999999e+001	  1.5250000000000000e+001	  2.0899999999999999e+000	  6.0999999999999996e+000	  2.6800000000000001e+001	
  7.3310600000000000e+005	  2.6899999999999999e+001	  2.8170000000000002e+001	  1.4570000000000000e+001	  8.2099999999999994e+001	  2.1809999999999999e+001	  1.5428999999999999e+002	  7.8709999999999994e+001	  4.1859999999999999e+001	  1.7410000000000000e+001	  5.7060000000000002e+001	  7.7769999999999996e+001	  5.2609999999999999e+001	  8.9199999999999999e+000	  3.1120000000000001e+001	  9.5409999999999997e+001	  4.9570000000000000e+001	  1.1900000000000000e+001	  3.7090000000000003e+001	  7.6299999999999999e+000	  2.1920000000000002e+001	  9.0560000000000002e+001	  2.4680000000000000e+001	  4.7759999999999998e+001	  1.8780000000000001e+001	  3.1120000000000001e+001	  1.2284000000000000e+002	  7.6399999999999997e+000	  3.1270000000000000e+001	  5.1100000000000003e+000	  1.1183000000000000e+002	  8.2170000000000002e+001	  1.0931999999999999e+002	  7.7590000000000003e+001	  2.6890000000000001e+001	  2.3239999999999998e+001	  8.2939999999999998e+001	  7.7359999999999999e+001	  1.2820000000000000e+001	  6.1250000000000000e+001	  3.5090000000000003e+001	  6.8510000000000005e+001	  7.8489999999999995e+001	  3.6390000000000001e+001	  1.5600000000000000e+001	  2.0000000000000000e+000	  6.1100000000000003e+000	  2.7170000000000002e+001	
  7.3311300000000000e+005	  2.6399999999999999e+001	  2.6770000000000000e+001	  1.3830000000000000e+001	  8.0480000000000004e+001	  2.0739999999999998e+001	  1.4561000000000001e+002	  7.6319999999999993e+001	  4.2590000000000003e+001	  1.6670000000000002e+001	  5.5859999999999999e+001	  7.3689999999999998e+001	  5.4820000000000000e+001	  8.7200000000000006e+000	  2.9020000000000000e+001	  9.0790000000000006e+001	  5.0680000000000000e+001	  1.1779999999999999e+001	  3.6710000000000001e+001	  7.4600000000000000e+000	  2.1379999999999999e+001	  9.0540000000000006e+001	  2.3340000000000000e+001	  4.6399999999999999e+001	  1.8359999999999999e+001	  2.9579999999999998e+001	  1.1561000000000000e+002	  7.6799999999999997e+000	  2.9410000000000000e+001	  4.9900000000000002e+000	  1.1006999999999999e+002	  7.9090000000000003e+001	  1.0513000000000000e+002	  7.6890000000000001e+001	  2.6660000000000000e+001	  2.3379999999999999e+001	  7.8670000000000002e+001	  7.5849999999999994e+001	  1.2100000000000000e+001	  5.9140000000000001e+001	  3.3969999999999999e+001	  6.7900000000000006e+001	  7.7650000000000006e+001	  3.5909999999999997e+001	  1.5210000000000001e+001	  2.0099999999999998e+000	  5.9500000000000002e+000	  2.6500000000000000e+001	
  7.3312000000000000e+005	  3.1440000000000001e+001	  2.7760000000000002e+001	  1.4570000000000000e+001	  8.3200000000000003e+001	  2.1780000000000001e+001	  1.5275000000000000e+002	  7.9000000000000000e+001	  4.4310000000000002e+001	  1.7379999999999999e+001	  5.7619999999999997e+001	  7.6840000000000003e+001	  5.4390000000000001e+001	  8.4299999999999997e+000	  3.1199999999999999e+001	  9.7030000000000001e+001	  5.8180000000000000e+001	  1.1900000000000000e+001	  3.7039999999999999e+001	  7.4299999999999997e+000	  2.2300000000000001e+001	  9.1620000000000005e+001	  2.5719999999999999e+001	  4.8859999999999999e+001	  1.9010000000000002e+001	  3.1730000000000000e+001	  1.2439000000000000e+002	  8.1199999999999992e+000	  3.1760000000000002e+001	  5.4199999999999999e+000	  1.1561000000000000e+002	  8.1500000000000000e+001	  1.1176000000000001e+002	  7.9450000000000003e+001	  2.7870000000000001e+001	  2.4219999999999999e+001	  8.1469999999999999e+001	  7.8549999999999997e+001	  1.2520000000000000e+001	  6.1100000000000001e+001	  3.4250000000000000e+001	  7.2120000000000005e+001	  8.0579999999999998e+001	  3.8780000000000001e+001	  1.5949999999999999e+001	  2.0299999999999998e+000	  6.3300000000000001e+000	  2.7899999999999999e+001	
  7.3312700000000000e+005	  3.1170000000000002e+001	  2.7120000000000001e+001	  1.4300000000000001e+001	  8.5159999999999997e+001	  2.1109999999999999e+001	  1.5021000000000001e+002	  8.4280000000000001e+001	  4.5759999999999998e+001	  1.7329999999999998e+001	  5.7979999999999997e+001	  7.5620000000000005e+001	  5.3750000000000000e+001	  8.5399999999999991e+000	  3.0730000000000000e+001	  9.7349999999999994e+001	  5.7619999999999997e+001	  1.1710000000000001e+001	  3.8789999999999999e+001	  7.5400000000000000e+000	  2.2579999999999998e+001	  9.2609999999999999e+001	  2.5770000000000000e+001	  4.9570000000000000e+001	  1.8719999999999999e+001	  3.1160000000000000e+001	  1.2347000000000000e+002	  8.1199999999999992e+000	  3.1000000000000000e+001	  5.3300000000000001e+000	  1.1498999999999999e+002	  8.1280000000000001e+001	  1.1708000000000000e+002	  8.0200000000000003e+001	  2.7780000000000001e+001	  2.4420000000000002e+001	  8.0280000000000001e+001	  7.9189999999999998e+001	  1.2350000000000000e+001	  6.0869999999999997e+001	  3.3369999999999997e+001	  7.1680000000000007e+001	  7.8500000000000000e+001	  3.8280000000000001e+001	  1.5960000000000001e+001	  2.0099999999999998e+000	  6.3399999999999999e+000	  2.7809999999999999e+001	
  7.3313400000000000e+005	  3.2109999999999999e+001	  2.7760000000000002e+001	  1.4710000000000001e+001	  8.6439999999999998e+001	  2.0170000000000002e+001	  1.5425000000000000e+002	  8.6769999999999996e+001	  4.7009999999999998e+001	  1.7719999999999999e+001	  5.8600000000000001e+001	  7.7459999999999994e+001	  5.6119999999999997e+001	  8.9100000000000001e+000	  3.1390000000000001e+001	  9.8950000000000003e+001	  5.7899999999999999e+001	  1.2199999999999999e+001	  3.8479999999999997e+001	  7.7999999999999998e+000	  2.2500000000000000e+001	  9.8719999999999999e+001	  2.6260000000000002e+001	  4.9799999999999997e+001	  1.9359999999999999e+001	  3.1690000000000001e+001	  1.2545999999999999e+002	  8.5199999999999996e+000	  3.1520000000000000e+001	  5.4000000000000004e+000	  1.1659000000000000e+002	  8.3189999999999998e+001	  1.1883000000000000e+002	  8.1569999999999993e+001	  2.8320000000000000e+001	  2.4680000000000000e+001	  8.2590000000000003e+001	  8.1540000000000006e+001	  1.2720000000000001e+001	  6.1259999999999998e+001	  3.4770000000000003e+001	  7.2700000000000003e+001	  8.1480000000000004e+001	  3.9210000000000001e+001	  1.6340000000000000e+001	  2.2799999999999998e+000	  6.3499999999999996e+000	  2.8280000000000001e+001	
  7.3314100000000000e+005	  3.2549999999999997e+001	  2.8280000000000001e+001	  1.4920000000000000e+001	  8.5780000000000001e+001	  2.0629999999999999e+001	  1.5743000000000001e+002	  8.9219999999999999e+001	  4.7100000000000001e+001	  1.7550000000000001e+001	  5.7820000000000000e+001	  7.8370000000000005e+001	  5.5299999999999997e+001	  8.8599999999999994e+000	  3.2240000000000002e+001	  1.0131000000000000e+002	  5.8490000000000002e+001	  1.2430000000000000e+001	  3.8890000000000001e+001	  7.7199999999999998e+000	  2.2890000000000001e+001	  9.8530000000000001e+001	  2.6239999999999998e+001	  5.0729999999999997e+001	  1.9690000000000001e+001	  3.2450000000000003e+001	  1.2878999999999999e+002	  8.2799999999999994e+000	  3.2149999999999999e+001	  5.5199999999999996e+000	  1.1484000000000000e+002	  8.3930000000000007e+001	  1.1902000000000000e+002	  8.4000000000000000e+001	  2.8520000000000000e+001	  2.5440000000000001e+001	  8.3510000000000005e+001	  8.2629999999999995e+001	  1.2760000000000000e+001	  6.3060000000000002e+001	  3.5390000000000001e+001	  7.1629999999999995e+001	  8.4040000000000006e+001	  3.9590000000000003e+001	  1.6410000000000000e+001	  2.2599999999999998e+000	  6.4600000000000000e+000	  2.8379999999999999e+001	
  7.3314800000000000e+005	  3.5109999999999999e+001	  2.8780000000000001e+001	  1.4869999999999999e+001	  8.7340000000000003e+001	  2.1590000000000000e+001	  1.6172999999999999e+002	  8.9609999999999999e+001	  4.7390000000000001e+001	  1.7859999999999999e+001	  5.8240000000000002e+001	  8.3609999999999999e+001	  5.6350000000000001e+001	  9.0600000000000005e+000	  3.2600000000000001e+001	  1.0873999999999999e+002	  5.7719999999999999e+001	  1.2670000000000000e+001	  3.8670000000000002e+001	  7.9299999999999997e+000	  2.2670000000000002e+001	  9.7170000000000002e+001	  2.5969999999999999e+001	  5.0909999999999997e+001	  1.9910000000000000e+001	  3.2680000000000000e+001	  1.4897000000000000e+002	  8.8000000000000007e+000	  3.3530000000000001e+001	  5.5999999999999996e+000	  1.1437000000000000e+002	  8.3939999999999998e+001	  1.2303000000000000e+002	  8.6030000000000001e+001	  3.0340000000000000e+001	  2.4960000000000001e+001	  8.6129999999999995e+001	  7.8250000000000000e+001	  1.2800000000000001e+001	  6.3289999999999999e+001	  3.6869999999999997e+001	  7.4260000000000005e+001	  8.8640000000000001e+001	  3.9840000000000003e+001	  1.6460000000000001e+001	  2.2400000000000002e+000	  6.6299999999999999e+000	  2.9090000000000000e+001	
  7.3315500000000000e+005	  3.5549999999999997e+001	  2.8780000000000001e+001	  1.4770000000000000e+001	  8.4040000000000006e+001	  2.1260000000000002e+001	  1.6212000000000000e+002	  8.7739999999999995e+001	  4.8689999999999998e+001	  1.6910000000000000e+001	  5.6820000000000000e+001	  8.2579999999999998e+001	  5.5719999999999999e+001	  9.4199999999999999e+000	  3.2469999999999999e+001	  1.0879000000000001e+002	  5.7329999999999998e+001	  1.2640000000000001e+001	  3.8619999999999997e+001	  7.8099999999999996e+000	  2.2570000000000000e+001	  9.7629999999999995e+001	  2.5270000000000000e+001	  5.1219999999999999e+001	  2.0320000000000000e+001	  3.2990000000000002e+001	  1.4831000000000000e+002	  8.3599999999999994e+000	  3.2649999999999999e+001	  5.7800000000000002e+000	  1.1467000000000000e+002	  8.3890000000000001e+001	  1.2491000000000000e+002	  8.6040000000000006e+001	  2.9440000000000001e+001	  2.3530000000000001e+001	  8.9420000000000002e+001	  7.6879999999999995e+001	  1.2210000000000001e+001	  6.3070000000000000e+001	  3.5490000000000002e+001	  7.5920000000000002e+001	  8.8260000000000005e+001	  4.0100000000000001e+001	  1.6010000000000002e+001	  2.2700000000000000e+000	  6.9400000000000004e+000	  2.8910000000000000e+001	
  7.3316200000000000e+005	  3.6090000000000003e+001	  2.9070000000000000e+001	  1.5420000000000000e+001	  8.5120000000000005e+001	  2.1949999999999999e+001	  1.6450999999999999e+002	  8.8219999999999999e+001	  5.0390000000000001e+001	  1.7280000000000001e+001	  5.8020000000000003e+001	  8.4659999999999997e+001	  5.4939999999999998e+001	  9.6199999999999992e+000	  3.3479999999999997e+001	  1.1055000000000000e+002	  5.8799999999999997e+001	  1.2740000000000000e+001	  3.8659999999999997e+001	  7.8899999999999997e+000	  2.3300000000000001e+001	  1.0473999999999999e+002	  2.4820000000000000e+001	  5.2689999999999998e+001	  2.0820000000000000e+001	  3.3539999999999999e+001	  1.5119000000000000e+002	  8.4800000000000004e+000	  3.3130000000000003e+001	  5.8200000000000003e+000	  1.2247000000000000e+002	  8.5879999999999995e+001	  1.2654000000000001e+002	  8.4969999999999999e+001	  2.9250000000000000e+001	  2.4109999999999999e+001	  9.2569999999999993e+001	  7.9140000000000001e+001	  1.2840000000000000e+001	  6.3880000000000003e+001	  3.5259999999999998e+001	  7.9349999999999994e+001	  8.8480000000000004e+001	  4.2210000000000001e+001	  1.6250000000000000e+001	  2.1200000000000001e+000	  6.9699999999999998e+000	  2.9010000000000002e+001	
  7.3316900000000000e+005	  3.4640000000000001e+001	  3.0640000000000001e+001	  1.5000000000000000e+001	  8.4560000000000002e+001	  2.1079999999999998e+001	  1.6041999999999999e+002	  8.7680000000000007e+001	  4.8810000000000002e+001	  1.7480000000000000e+001	  5.7899999999999999e+001	  9.0670000000000002e+001	  5.5250000000000000e+001	  9.6300000000000008e+000	  3.2600000000000001e+001	  1.1388000000000000e+002	  5.8310000000000002e+001	  1.2730000000000000e+001	  3.8520000000000003e+001	  7.8799999999999999e+000	  2.3070000000000000e+001	  1.0379000000000001e+002	  2.4680000000000000e+001	  5.2250000000000000e+001	  2.0920000000000002e+001	  3.3520000000000003e+001	  1.4859999999999999e+002	  8.8399999999999999e+000	  3.2609999999999999e+001	  5.7300000000000004e+000	  1.2316000000000000e+002	  8.4230000000000004e+001	  1.2903000000000000e+002	  8.4670000000000002e+001	  2.9109999999999999e+001	  2.4440000000000001e+001	  9.1599999999999994e+001	  8.2700000000000003e+001	  1.2920000000000000e+001	  6.3399999999999999e+001	  3.4530000000000001e+001	  7.8140000000000001e+001	  8.5450000000000003e+001	  4.0930000000000000e+001	  1.6219999999999999e+001	  2.1000000000000001e+000	  6.8499999999999996e+000	  2.9370000000000001e+001	
  7.3317600000000000e+005	  3.4719999999999999e+001	  2.9550000000000001e+001	  1.5039999999999999e+001	  8.6980000000000004e+001	  2.1300000000000001e+001	  1.6136000000000001e+002	  9.0079999999999998e+001	  4.9950000000000003e+001	  1.7949999999999999e+001	  5.7320000000000000e+001	  9.1069999999999993e+001	  5.4430000000000000e+001	  9.7500000000000000e+000	  3.2149999999999999e+001	  1.1261000000000000e+002	  6.1950000000000003e+001	  1.2570000000000000e+001	  3.8509999999999998e+001	  7.9100000000000001e+000	  2.4180000000000000e+001	  1.0600000000000000e+002	  2.4469999999999999e+001	  5.4079999999999998e+001	  2.0770000000000000e+001	  3.4590000000000003e+001	  1.4369999999999999e+002	  9.3599999999999994e+000	  3.2520000000000003e+001	  5.7100000000000000e+000	  1.2645000000000000e+002	  8.5609999999999999e+001	  1.2997999999999999e+002	  8.5370000000000005e+001	  2.9770000000000000e+001	  2.6039999999999999e+001	  9.9510000000000005e+001	  8.2500000000000000e+001	  1.3100000000000000e+001	  6.5510000000000005e+001	  3.4299999999999997e+001	  7.9670000000000002e+001	  9.0780000000000001e+001	  4.1680000000000000e+001	  1.6379999999999999e+001	  2.1299999999999999e+000	  6.8899999999999997e+000	  2.9690000000000001e+001	
  7.3318300000000000e+005	  3.5210000000000001e+001	  2.9539999999999999e+001	  1.4720000000000001e+001	  8.6459999999999994e+001	  2.1550000000000001e+001	  1.6291000000000000e+002	  9.0890000000000001e+001	  5.1170000000000002e+001	  1.7770000000000000e+001	  5.6560000000000002e+001	  9.0870000000000005e+001	  5.4579999999999998e+001	  9.9499999999999993e+000	  3.2060000000000002e+001	  1.1200000000000000e+002	  6.4640000000000001e+001	  1.3410000000000000e+001	  3.8380000000000003e+001	  7.9299999999999997e+000	  2.4379999999999999e+001	  1.0866000000000000e+002	  2.3960000000000001e+001	  5.4140000000000001e+001	  2.1230000000000000e+001	  3.3899999999999999e+001	  1.4350999999999999e+002	  9.5199999999999996e+000	  3.2219999999999999e+001	  5.6600000000000001e+000	  1.2656000000000000e+002	  8.5870000000000005e+001	  1.3237000000000000e+002	  8.6069999999999993e+001	  2.9500000000000000e+001	  2.5739999999999998e+001	  9.8810000000000002e+001	  8.1129999999999995e+001	  1.3029999999999999e+001	  6.6109999999999999e+001	  3.5180000000000000e+001	  7.8109999999999999e+001	  9.6049999999999997e+001	  4.1100000000000001e+001	  1.6469999999999999e+001	  2.1600000000000001e+000	  6.6399999999999997e+000	  3.0129999999999999e+001	
  7.3319100000000000e+005	  3.5039999999999999e+001	  3.0680000000000000e+001	  1.4900000000000000e+001	  8.6370000000000005e+001	  2.1440000000000001e+001	  1.7009999999999999e+002	  9.2450000000000003e+001	  5.3009999999999998e+001	  1.7930000000000000e+001	  5.8180000000000000e+001	  9.1480000000000004e+001	  5.4369999999999997e+001	  1.0080000000000000e+001	  3.2820000000000000e+001	  1.1325000000000000e+002	  6.5849999999999994e+001	  1.4350000000000000e+001	  3.8340000000000003e+001	  7.9600000000000000e+000	  2.4359999999999999e+001	  1.1620999999999999e+002	  2.3910000000000000e+001	  5.4469999999999999e+001	  2.2180000000000000e+001	  3.0989999999999998e+001	  1.4444999999999999e+002	  9.8399999999999999e+000	  3.2430000000000000e+001	  5.6699999999999999e+000	  1.3150999999999999e+002	  8.6099999999999994e+001	  1.3497999999999999e+002	  8.7709999999999994e+001	  3.0710000000000001e+001	  2.6370000000000001e+001	  1.0759999999999999e+002	  8.4680000000000007e+001	  1.3609999999999999e+001	  6.6719999999999999e+001	  3.6380000000000003e+001	  8.0959999999999994e+001	  9.6849999999999994e+001	  4.1170000000000002e+001	  1.6629999999999999e+001	  2.1499999999999999e+000	  6.6100000000000003e+000	  3.0770000000000000e+001	
  7.3319700000000000e+005	  3.4649999999999999e+001	  2.9480000000000000e+001	  1.4369999999999999e+001	  8.6280000000000001e+001	  2.0010000000000002e+001	  1.6309999999999999e+002	  8.6620000000000005e+001	  5.0640000000000001e+001	  1.7170000000000002e+001	  5.4890000000000001e+001	  8.7159999999999997e+001	  5.1920000000000002e+001	  9.8699999999999992e+000	  3.1000000000000000e+001	  1.0645999999999999e+002	  6.2380000000000003e+001	  1.3690000000000000e+001	  3.8250000000000000e+001	  7.7599999999999998e+000	  2.4300000000000001e+001	  1.0787000000000000e+002	  2.3370000000000001e+001	  5.3170000000000002e+001	  2.1239999999999998e+001	  2.9460000000000001e+001	  1.3863999999999999e+002	  9.8399999999999999e+000	  3.1780000000000001e+001	  5.5199999999999996e+000	  1.2528000000000000e+002	  8.3329999999999998e+001	  1.2670000000000000e+002	  8.4890000000000001e+001	  3.0140000000000001e+001	  2.5539999999999999e+001	  1.0178000000000000e+002	  8.0079999999999998e+001	  1.3260000000000000e+001	  6.4810000000000002e+001	  3.6250000000000000e+001	  7.6760000000000005e+001	  9.2390000000000001e+001	  3.8270000000000003e+001	  1.6140000000000001e+001	  2.0600000000000001e+000	  6.4100000000000001e+000	  2.9699999999999999e+001	
  7.3320400000000000e+005	  3.5310000000000002e+001	  3.0449999999999999e+001	  1.4750000000000000e+001	  9.2469999999999999e+001	  2.0530000000000001e+001	  1.7303000000000000e+002	  9.2040000000000006e+001	  5.5130000000000003e+001	  1.7750000000000000e+001	  5.8579999999999998e+001	  9.1510000000000005e+001	  5.3549999999999997e+001	  1.0119999999999999e+001	  3.2840000000000003e+001	  1.1198000000000000e+002	  6.6359999999999999e+001	  1.3940000000000000e+001	  3.8299999999999997e+001	  7.8899999999999997e+000	  2.5149999999999999e+001	  1.1415000000000001e+002	  2.3800000000000001e+001	  5.6649999999999999e+001	  2.1430000000000000e+001	  3.0780000000000001e+001	  1.4334999999999999e+002	  1.0359999999999999e+001	  3.2479999999999997e+001	  5.7199999999999998e+000	  1.3102000000000001e+002	  8.6230000000000004e+001	  1.3005000000000001e+002	  8.8319999999999993e+001	  3.0670000000000002e+001	  2.7829999999999998e+001	  1.0913000000000000e+002	  8.1989999999999995e+001	  1.3340000000000000e+001	  6.0090000000000003e+001	  3.6560000000000002e+001	  8.1200000000000003e+001	  1.0515000000000001e+002	  4.0259999999999998e+001	  1.6510000000000002e+001	  2.1299999999999999e+000	  6.5800000000000001e+000	  2.9920000000000002e+001	
  7.3321100000000000e+005	  3.4420000000000002e+001	  3.0320000000000000e+001	  1.4630000000000001e+001	  9.2409999999999997e+001	  1.9930000000000000e+001	  1.7756999999999999e+002	  9.4659999999999997e+001	  5.5030000000000001e+001	  1.7250000000000000e+001	  5.6460000000000001e+001	  8.8549999999999997e+001	  5.1689999999999998e+001	  1.0410000000000000e+001	  3.2659999999999997e+001	  1.1045000000000000e+002	  6.5129999999999995e+001	  1.3539999999999999e+001	  3.8380000000000003e+001	  7.7199999999999998e+000	  2.5250000000000000e+001	  1.1166000000000000e+002	  2.3910000000000000e+001	  5.6500000000000000e+001	  2.1000000000000000e+001	  3.0350000000000001e+001	  1.4002000000000001e+002	  9.7599999999999998e+000	  3.2750000000000000e+001	  5.5899999999999999e+000	  1.3225000000000000e+002	  8.4109999999999999e+001	  1.3091000000000000e+002	  8.4980000000000004e+001	  3.0530000000000001e+001	  2.7899999999999999e+001	  1.0955000000000000e+002	  7.8560000000000002e+001	  1.3029999999999999e+001	  5.7930000000000000e+001	  3.7789999999999999e+001	  8.1400000000000006e+001	  1.0306000000000000e+002	  4.0570000000000000e+001	  1.5949999999999999e+001	  2.0800000000000001e+000	  6.4000000000000004e+000	  2.9940000000000001e+001	
  7.3321800000000000e+005	  3.3490000000000002e+001	  3.0190000000000001e+001	  1.4310000000000000e+001	  9.5189999999999998e+001	  1.9219999999999999e+001	  1.7359000000000000e+002	  9.7239999999999995e+001	  5.4729999999999997e+001	  1.7379999999999999e+001	  5.8859999999999999e+001	  8.8359999999999999e+001	  5.2140000000000001e+001	  1.0380000000000001e+001	  3.2009999999999998e+001	  1.0781000000000000e+002	  6.5980000000000004e+001	  1.3690000000000000e+001	  3.8530000000000001e+001	  7.7800000000000002e+000	  2.5550000000000001e+001	  1.1650000000000000e+002	  2.4399999999999999e+001	  5.7990000000000002e+001	  2.0399999999999999e+001	  2.9760000000000002e+001	  1.3594999999999999e+002	  9.5199999999999996e+000	  3.2109999999999999e+001	  5.5300000000000002e+000	  1.3540000000000001e+002	  8.4810000000000002e+001	  1.3028000000000000e+002	  8.6159999999999997e+001	  3.0670000000000002e+001	  2.8300000000000001e+001	  1.1272000000000000e+002	  7.8989999999999995e+001	  1.3050000000000001e+001	  5.7649999999999999e+001	  3.8070000000000000e+001	  8.3370000000000005e+001	  1.0455000000000000e+002	  4.1189999999999998e+001	  1.6289999999999999e+001	  2.0299999999999998e+000	  6.2800000000000002e+000	  3.0329999999999998e+001	
  7.3322500000000000e+005	  3.4149999999999999e+001	  2.9899999999999999e+001	  1.4359999999999999e+001	  9.4150000000000006e+001	  1.9820000000000000e+001	  1.7109999999999999e+002	  9.8640000000000001e+001	  5.5289999999999999e+001	  1.7539999999999999e+001	  6.0310000000000002e+001	  8.8319999999999993e+001	  5.4229999999999997e+001	  1.0580000000000000e+001	  3.2359999999999999e+001	  1.0844000000000000e+002	  6.5680000000000007e+001	  1.3670000000000000e+001	  3.8759999999999998e+001	  7.7400000000000002e+000	  2.6359999999999999e+001	  1.1492000000000000e+002	  2.3940000000000001e+001	  5.9530000000000001e+001	  2.0399999999999999e+001	  2.9899999999999999e+001	  1.3719999999999999e+002	  9.9199999999999999e+000	  3.2189999999999998e+001	  5.4500000000000002e+000	  1.3480000000000001e+002	  8.4140000000000001e+001	  1.2988999999999999e+002	  8.4989999999999995e+001	  3.1760000000000002e+001	  2.9660000000000000e+001	  1.1363000000000000e+002	  7.9060000000000002e+001	  1.3390000000000001e+001	  5.9020000000000003e+001	  3.7149999999999999e+001	  8.4260000000000005e+001	  1.0713000000000000e+002	  4.0939999999999998e+001	  1.6550000000000001e+001	  2.0600000000000001e+000	  6.3399999999999999e+000	  3.0079999999999998e+001	
  7.3323200000000000e+005	  3.5259999999999998e+001	  2.9719999999999999e+001	  1.3980000000000000e+001	  9.7750000000000000e+001	  1.9230000000000000e+001	  1.7303000000000000e+002	  9.8930000000000007e+001	  5.5009999999999998e+001	  1.7500000000000000e+001	  5.5920000000000002e+001	  8.7370000000000005e+001	  5.4399999999999999e+001	  1.0279999999999999e+001	  3.2640000000000001e+001	  1.0747000000000000e+002	  6.6140000000000001e+001	  1.3570000000000000e+001	  3.8759999999999998e+001	  7.7000000000000002e+000	  2.6789999999999999e+001	  1.1673000000000000e+002	  2.4160000000000000e+001	  6.0680000000000000e+001	  2.0649999999999999e+001	  3.0289999999999999e+001	  1.3434000000000000e+002	  9.8399999999999999e+000	  3.2240000000000002e+001	  5.4600000000000000e+000	  1.3381000000000000e+002	  8.3650000000000006e+001	  1.2838999999999999e+002	  8.3469999999999999e+001	  3.1500000000000000e+001	  2.8870000000000001e+001	  1.1031000000000000e+002	  8.1849999999999994e+001	  1.3490000000000000e+001	  5.9270000000000003e+001	  3.7850000000000001e+001	  8.4510000000000005e+001	  1.0900000000000000e+002	  4.0530000000000001e+001	  1.6809999999999999e+001	  2.0800000000000001e+000	  6.2199999999999998e+000	  3.0559999999999999e+001	
  7.3323900000000000e+005	  3.6020000000000003e+001	  2.9449999999999999e+001	  1.3630000000000001e+001	  9.5430000000000007e+001	  1.9070000000000000e+001	  1.6671000000000001e+002	  9.7530000000000001e+001	  5.3659999999999997e+001	  1.7350000000000001e+001	  5.5140000000000001e+001	  8.4239999999999995e+001	  5.3359999999999999e+001	  9.9000000000000004e+000	  3.1340000000000000e+001	  1.0384999999999999e+002	  6.2630000000000003e+001	  1.3190000000000000e+001	  3.8759999999999998e+001	  7.6900000000000004e+000	  2.5829999999999998e+001	  1.1369000000000000e+002	  2.3230000000000000e+001	  5.7229999999999997e+001	  2.0149999999999999e+001	  2.9760000000000002e+001	  1.3399000000000001e+002	  1.0080000000000000e+001	  3.1920000000000002e+001	  5.3899999999999997e+000	  1.2675000000000000e+002	  8.1409999999999997e+001	  1.2605000000000000e+002	  8.1209999999999994e+001	  3.0670000000000002e+001	  2.8199999999999999e+001	  1.0606999999999999e+002	  8.0349999999999994e+001	  1.3320000000000000e+001	  5.9909999999999997e+001	  4.0000000000000000e+001	  8.2349999999999994e+001	  1.0395999999999999e+002	  3.9579999999999998e+001	  1.6920000000000002e+001	  2.0699999999999998e+000	  6.0499999999999998e+000	  3.0120000000000001e+001	
  7.3324600000000000e+005	  3.4320000000000000e+001	  2.7600000000000001e+001	  1.2840000000000000e+001	  9.0420000000000002e+001	  1.7309999999999999e+001	  1.5288999999999999e+002	  9.1730000000000004e+001	  4.9100000000000001e+001	  1.7230000000000000e+001	  5.3060000000000002e+001	  7.9650000000000006e+001	  5.1640000000000001e+001	  9.5199999999999996e+000	  2.8210000000000001e+001	  9.7859999999999999e+001	  6.2750000000000000e+001	  1.2570000000000000e+001	  3.8909999999999997e+001	  7.3300000000000001e+000	  2.4250000000000000e+001	  1.0812000000000000e+002	  2.2550000000000001e+001	  5.4539999999999999e+001	  1.9399999999999999e+001	  2.8250000000000000e+001	  1.2430000000000000e+002	  9.8800000000000008e+000	  3.0239999999999998e+001	  5.4699999999999998e+000	  1.2115000000000001e+002	  8.0310000000000002e+001	  1.1901000000000001e+002	  8.0969999999999999e+001	  2.8579999999999998e+001	  2.6440000000000001e+001	  9.7640000000000001e+001	  7.8049999999999997e+001	  1.3060000000000000e+001	  5.7820000000000000e+001	  3.9189999999999998e+001	  8.1280000000000001e+001	  9.2989999999999995e+001	  3.7049999999999997e+001	  1.6750000000000000e+001	  1.9700000000000000e+000	  5.7599999999999998e+000	  2.9969999999999999e+001	
  7.3325300000000000e+005	  3.5049999999999997e+001	  2.7230000000000000e+001	  1.2699999999999999e+001	  9.0569999999999993e+001	  1.8109999999999999e+001	  1.5378999999999999e+002	  9.1849999999999994e+001	  5.0460000000000001e+001	  1.7030000000000001e+001	  5.1399999999999999e+001	  8.0459999999999994e+001	  5.1180000000000000e+001	  8.3699999999999992e+000	  2.8250000000000000e+001	  9.8390000000000001e+001	  6.3219999999999999e+001	  1.2720000000000001e+001	  3.9000000000000000e+001	  7.2400000000000002e+000	  2.3359999999999999e+001	  1.0754000000000001e+002	  2.2039999999999999e+001	  5.2649999999999999e+001	  2.0219999999999999e+001	  2.9000000000000000e+001	  1.2645999999999999e+002	  9.7200000000000006e+000	  2.9449999999999999e+001	  5.5099999999999998e+000	  1.2009999999999999e+002	  7.9519999999999996e+001	  1.1883000000000000e+002	  8.1060000000000002e+001	  2.8050000000000001e+001	  2.6500000000000000e+001	  9.7849999999999994e+001	  7.8079999999999998e+001	  1.2990000000000000e+001	  5.7350000000000001e+001	  3.9390000000000001e+001	  8.1689999999999998e+001	  8.9230000000000004e+001	  3.6850000000000001e+001	  1.7170000000000002e+001	  1.9399999999999999e+000	  5.8700000000000001e+000	  2.8649999999999999e+001	
  7.3326000000000000e+005	  3.3850000000000001e+001	  2.6969999999999999e+001	  1.2820000000000000e+001	  9.0859999999999999e+001	  1.7750000000000000e+001	  1.5328999999999999e+002	  9.1500000000000000e+001	  5.0899999999999999e+001	  1.6609999999999999e+001	  5.3670000000000002e+001	  7.8969999999999999e+001	  5.0189999999999998e+001	  8.0399999999999991e+000	  2.8020000000000000e+001	  9.5189999999999998e+001	  5.7799999999999997e+001	  1.3000000000000000e+001	  3.8850000000000001e+001	  7.0700000000000003e+000	  2.2800000000000001e+001	  1.0678000000000000e+002	  2.0750000000000000e+001	  5.1090000000000003e+001	  1.9910000000000000e+001	  3.0059999999999999e+001	  1.2080000000000000e+002	  9.8000000000000007e+000	  2.9899999999999999e+001	  5.5300000000000002e+000	  1.1312000000000000e+002	  8.0500000000000000e+001	  1.2048000000000000e+002	  8.4000000000000000e+001	  2.6989999999999998e+001	  2.6600000000000001e+001	  8.9950000000000003e+001	  7.8859999999999999e+001	  1.2910000000000000e+001	  5.6250000000000000e+001	  3.9560000000000002e+001	  7.9650000000000006e+001	  9.0390000000000001e+001	  3.5869999999999997e+001	  1.7140000000000001e+001	  1.9099999999999999e+000	  5.7100000000000000e+000	  2.7329999999999998e+001	
  7.3326700000000000e+005	  3.3570000000000000e+001	  2.7280000000000001e+001	  1.3210000000000001e+001	  8.5980000000000004e+001	  1.7989999999999998e+001	  1.5803000000000000e+002	  9.0079999999999998e+001	  5.2689999999999998e+001	  1.6399999999999999e+001	  5.2619999999999997e+001	  7.8200000000000003e+001	  4.7780000000000001e+001	  7.7300000000000004e+000	  2.9020000000000000e+001	  9.4849999999999994e+001	  5.7850000000000001e+001	  1.3190000000000000e+001	  3.9000000000000000e+001	  7.1500000000000004e+000	  2.2620000000000001e+001	  1.1070000000000000e+002	  2.0670000000000002e+001	  5.0950000000000003e+001	  2.1000000000000000e+001	  2.9379999999999999e+001	  1.1680000000000000e+002	  9.4800000000000004e+000	  2.9340000000000000e+001	  5.6100000000000003e+000	  1.0895000000000000e+002	  7.8219999999999999e+001	  1.2419000000000000e+002	  8.2010000000000005e+001	  2.6609999999999999e+001	  2.5989999999999998e+001	  8.8840000000000003e+001	  8.1909999999999997e+001	  1.3029999999999999e+001	  5.5560000000000002e+001	  3.8649999999999999e+001	  7.7250000000000000e+001	  8.6480000000000004e+001	  3.5939999999999998e+001	  1.7109999999999999e+001	  1.9099999999999999e+000	  5.7999999999999998e+000	  2.7489999999999998e+001	
  7.3327400000000000e+005	  3.4229999999999997e+001	  2.7489999999999998e+001	  1.3400000000000000e+001	  9.0069999999999993e+001	  1.8789999999999999e+001	  1.5765000000000001e+002	  9.2700000000000003e+001	  5.5420000000000002e+001	  1.6199999999999999e+001	  5.4180000000000000e+001	  7.7709999999999994e+001	  5.0469999999999999e+001	  8.0700000000000003e+000	  2.9710000000000001e+001	  9.1140000000000001e+001	  6.0659999999999997e+001	  1.3500000000000000e+001	  3.9280000000000001e+001	  7.4100000000000001e+000	  2.3609999999999999e+001	  1.1123999999999999e+002	  2.1070000000000000e+001	  5.2100000000000001e+001	  2.1760000000000002e+001	  2.9609999999999999e+001	  1.1787000000000000e+002	  9.7200000000000006e+000	  2.9660000000000000e+001	  5.6200000000000001e+000	  1.1509000000000000e+002	  8.0019999999999996e+001	  1.2170999999999999e+002	  8.2969999999999999e+001	  2.7899999999999999e+001	  2.5600000000000001e+001	  9.4790000000000006e+001	  8.0870000000000005e+001	  1.2890000000000001e+001	  5.6890000000000001e+001	  3.8729999999999997e+001	  7.7840000000000003e+001	  9.0430000000000007e+001	  3.7350000000000001e+001	  1.7480000000000000e+001	  2.0499999999999998e+000	  5.9900000000000002e+000	  2.8109999999999999e+001	
  7.3328100000000000e+005	  3.4130000000000003e+001	  2.7699999999999999e+001	  1.3390000000000001e+001	  9.1390000000000001e+001	  1.8079999999999998e+001	  1.5731999999999999e+002	  9.7129999999999995e+001	  5.6509999999999998e+001	  1.6260000000000002e+001	  5.4829999999999998e+001	  7.7420000000000002e+001	  5.1369999999999997e+001	  8.0299999999999994e+000	  2.9410000000000000e+001	  9.0629999999999995e+001	  6.2700000000000003e+001	  1.3640000000000001e+001	  3.9340000000000003e+001	  7.4000000000000004e+000	  2.4109999999999999e+001	  1.1543000000000001e+002	  2.0820000000000000e+001	  5.3170000000000002e+001	  2.2140000000000001e+001	  3.0030000000000001e+001	  1.1701000000000001e+002	  9.8800000000000008e+000	  2.9520000000000000e+001	  5.5300000000000002e+000	  1.1398999999999999e+002	  8.1290000000000006e+001	  1.2128000000000000e+002	  8.4370000000000005e+001	  2.8120000000000001e+001	  2.5930000000000000e+001	  9.3629999999999995e+001	  8.2540000000000006e+001	  1.2880000000000001e+001	  5.7469999999999999e+001	  3.9530000000000001e+001	  7.9859999999999999e+001	  9.0439999999999998e+001	  4.0469999999999999e+001	  1.7940000000000001e+001	  2.0800000000000001e+000	  5.9600000000000000e+000	  2.8530000000000001e+001	
  7.3328800000000000e+005	  3.3829999999999998e+001	  2.6449999999999999e+001	  1.3119999999999999e+001	  8.5980000000000004e+001	  1.7109999999999999e+001	  1.5186000000000001e+002	  9.3500000000000000e+001	  5.3570000000000000e+001	  1.5750000000000000e+001	  5.3530000000000001e+001	  7.3120000000000005e+001	  4.7840000000000003e+001	  7.4299999999999997e+000	  2.8410000000000000e+001	  8.9700000000000003e+001	  6.3140000000000001e+001	  1.3410000000000000e+001	  3.9320000000000000e+001	  7.2500000000000000e+000	  2.3559999999999999e+001	  1.1145000000000000e+002	  2.0250000000000000e+001	  5.2369999999999997e+001	  2.1960000000000001e+001	  2.9289999999999999e+001	  1.1259000000000000e+002	  9.3200000000000003e+000	  2.9420000000000002e+001	  5.2100000000000000e+000	  1.0750000000000000e+002	  7.8310000000000002e+001	  1.2053000000000000e+002	  8.1489999999999995e+001	  2.7570000000000000e+001	  2.4170000000000002e+001	  8.5549999999999997e+001	  7.9140000000000001e+001	  1.2369999999999999e+001	  5.7219999999999999e+001	  4.0380000000000003e+001	  7.2040000000000006e+001	  8.6719999999999999e+001	  3.6759999999999998e+001	  1.7430000000000000e+001	  2.0400000000000000e+000	  5.4500000000000002e+000	  2.7640000000000001e+001	
  7.3329500000000000e+005	  3.5000000000000000e+001	  2.6829999999999998e+001	  1.3220000000000001e+001	  8.8269999999999996e+001	  1.6789999999999999e+001	  1.4952000000000001e+002	  9.3010000000000005e+001	  5.4740000000000002e+001	  1.5350000000000000e+001	  5.5119999999999997e+001	  7.3719999999999999e+001	  4.8469999999999999e+001	  6.5000000000000000e+000	  2.8710000000000001e+001	  8.9969999999999999e+001	  6.2810000000000002e+001	  1.3670000000000000e+001	  3.9450000000000003e+001	  7.5000000000000000e+000	  2.4070000000000000e+001	  1.1793000000000001e+002	  1.9859999999999999e+001	  5.4149999999999999e+001	  2.2559999999999999e+001	  2.9840000000000000e+001	  1.1220000000000000e+002	  9.1999999999999993e+000	  2.9989999999999998e+001	  5.2800000000000002e+000	  1.0862000000000000e+002	  7.9500000000000000e+001	  1.2047000000000000e+002	  8.6569999999999993e+001	  2.9640000000000001e+001	  2.3829999999999998e+001	  8.7709999999999994e+001	  8.2540000000000006e+001	  1.2279999999999999e+001	  5.8990000000000002e+001	  4.1390000000000001e+001	  7.1510000000000005e+001	  8.5859999999999999e+001	  3.7659999999999997e+001	  1.8480000000000000e+001	  2.1499999999999999e+000	  5.5099999999999998e+000	  2.8100000000000001e+001	
  7.3330200000000000e+005	  3.6640000000000001e+001	  2.7539999999999999e+001	  1.3460000000000001e+001	  9.2689999999999998e+001	  1.6510000000000002e+001	  1.6100000000000000e+002	  9.6040000000000006e+001	  5.4149999999999999e+001	  1.6030000000000001e+001	  5.5420000000000002e+001	  7.7069999999999993e+001	  4.9039999999999999e+001	  6.4500000000000002e+000	  3.0449999999999999e+001	  9.1849999999999994e+001	  6.5400000000000006e+001	  1.3859999999999999e+001	  3.9380000000000003e+001	  7.7199999999999998e+000	  2.4809999999999999e+001	  1.1904000000000001e+002	  2.0600000000000001e+001	  5.5920000000000002e+001	  2.2719999999999999e+001	  3.0609999999999999e+001	  1.1920999999999999e+002	  9.8000000000000007e+000	  3.1010000000000002e+001	  5.4299999999999997e+000	  1.0909000000000000e+002	  8.2109999999999999e+001	  1.2437000000000000e+002	  9.0799999999999997e+001	  3.0440000000000001e+001	  2.4789999999999999e+001	  9.4560000000000002e+001	  8.5959999999999994e+001	  1.2900000000000000e+001	  5.7880000000000003e+001	  4.1759999999999998e+001	  7.3819999999999993e+001	  9.5209999999999994e+001	  3.8770000000000003e+001	  1.9120000000000001e+001	  2.1499999999999999e+000	  5.6900000000000004e+000	  2.8609999999999999e+001	
  7.3330900000000000e+005	  3.6950000000000003e+001	  2.7050000000000001e+001	  1.3430000000000000e+001	  9.1700000000000003e+001	  1.6399999999999999e+001	  1.6384999999999999e+002	  9.7000000000000000e+001	  5.4460000000000001e+001	  1.5830000000000000e+001	  5.4130000000000003e+001	  7.6739999999999995e+001	  4.9130000000000003e+001	  7.2000000000000002e+000	  3.1379999999999999e+001	  9.0379999999999995e+001	  6.7950000000000003e+001	  1.3779999999999999e+001	  3.9539999999999999e+001	  7.7500000000000000e+000	  2.4690000000000001e+001	  1.2153000000000000e+002	  2.0649999999999999e+001	  5.4880000000000003e+001	  2.3489999999999998e+001	  3.0859999999999999e+001	  1.1633000000000000e+002	  1.0000000000000000e+001	  3.1129999999999999e+001	  5.4100000000000001e+000	  1.0865000000000001e+002	  8.3349999999999994e+001	  1.2891999999999999e+002	  9.0280000000000001e+001	  3.0760000000000002e+001	  2.4530000000000001e+001	  9.6090000000000003e+001	  8.8200000000000003e+001	  1.3109999999999999e+001	  5.6960000000000001e+001	  4.1049999999999997e+001	  7.3189999999999998e+001	  9.4590000000000003e+001	  4.0039999999999999e+001	  1.9329999999999998e+001	  2.1299999999999999e+000	  5.6900000000000004e+000	  2.8140000000000001e+001	
  7.3331600000000000e+005	  3.7719999999999999e+001	  2.8760000000000002e+001	  1.4039999999999999e+001	  9.3170000000000002e+001	  1.7750000000000000e+001	  1.6422999999999999e+002	  9.5969999999999999e+001	  5.3850000000000001e+001	  1.6710000000000001e+001	  5.4750000000000000e+001	  8.2409999999999997e+001	  5.0689999999999998e+001	  7.1500000000000004e+000	  3.2280000000000001e+001	  9.5599999999999994e+001	  7.0209999999999994e+001	  1.3730000000000000e+001	  3.9259999999999998e+001	  7.8600000000000003e+000	  2.4660000000000000e+001	  1.2138000000000000e+002	  2.2690000000000001e+001	  5.2880000000000003e+001	  2.2989999999999998e+001	  3.0980000000000000e+001	  1.2631999999999999e+002	  1.0240000000000000e+001	  3.2100000000000001e+001	  5.6399999999999997e+000	  1.1715000000000001e+002	  8.5250000000000000e+001	  1.2981000000000000e+002	  9.1109999999999999e+001	  3.0010000000000002e+001	  2.4920000000000002e+001	  1.0530000000000000e+002	  8.8099999999999994e+001	  1.3400000000000000e+001	  5.8590000000000003e+001	  4.1630000000000003e+001	  7.5849999999999994e+001	  9.7140000000000001e+001	  4.0439999999999998e+001	  1.9050000000000001e+001	  2.0699999999999998e+000	  6.0000000000000000e+000	  2.8550000000000001e+001	
  7.3332300000000000e+005	  3.7829999999999998e+001	  2.7660000000000000e+001	  1.4180000000000000e+001	  9.3189999999999998e+001	  1.6550000000000001e+001	  1.6250000000000000e+002	  9.5609999999999999e+001	  5.6250000000000000e+001	  1.7039999999999999e+001	  5.2229999999999997e+001	  7.9900000000000006e+001	  4.7700000000000003e+001	  7.0700000000000003e+000	  3.1629999999999999e+001	  9.3010000000000005e+001	  7.2200000000000003e+001	  1.3680000000000000e+001	  3.7049999999999997e+001	  8.0000000000000000e+000	  2.5120000000000001e+001	  1.1988000000000000e+002	  2.3480000000000000e+001	  5.3500000000000000e+001	  2.3960000000000001e+001	  3.1390000000000001e+001	  1.2138000000000000e+002	  1.0480000000000000e+001	  3.2450000000000003e+001	  5.5000000000000000e+000	  1.1761000000000000e+002	  8.4769999999999996e+001	  1.3238000000000000e+002	  8.8849999999999994e+001	  3.1239999999999998e+001	  2.5070000000000000e+001	  1.0441000000000000e+002	  8.9439999999999998e+001	  1.3289999999999999e+001	  6.0090000000000003e+001	  3.9509999999999998e+001	  7.2599999999999994e+001	  9.6129999999999995e+001	  4.1250000000000000e+001	  2.1210000000000001e+001	  2.1800000000000002e+000	  5.8600000000000003e+000	  2.9390000000000001e+001	
  7.3333000000000000e+005	  3.7729999999999997e+001	  2.6629999999999999e+001	  1.3940000000000000e+001	  9.1549999999999997e+001	  1.6300000000000001e+001	  1.5613999999999999e+002	  9.6569999999999993e+001	  5.8759999999999998e+001	  1.6699999999999999e+001	  5.6380000000000003e+001	  7.5670000000000002e+001	  4.8409999999999997e+001	  6.5199999999999996e+000	  3.0079999999999998e+001	  8.8819999999999993e+001	  7.1090000000000003e+001	  1.3220000000000001e+001	  3.6750000000000000e+001	  7.8600000000000003e+000	  2.4640000000000001e+001	  1.2302000000000000e+002	  2.2539999999999999e+001	  5.3759999999999998e+001	  2.4149999999999999e+001	  3.0809999999999999e+001	  1.1534000000000000e+002	  1.0770000000000000e+001	  3.1590000000000000e+001	  5.3899999999999997e+000	  1.1415000000000001e+002	  8.7069999999999993e+001	  1.2753000000000000e+002	  9.0469999999999999e+001	  2.8500000000000000e+001	  2.6699999999999999e+001	  1.0028000000000000e+002	  9.2489999999999995e+001	  1.3660000000000000e+001	  5.6969999999999999e+001	  3.7950000000000003e+001	  7.0230000000000004e+001	  8.9629999999999995e+001	  4.2649999999999999e+001	  2.2199999999999999e+001	  2.1000000000000001e+000	  5.4800000000000004e+000	  2.8140000000000001e+001	
  7.3333700000000000e+005	  3.7710000000000001e+001	  2.6750000000000000e+001	  1.3890000000000001e+001	  9.2349999999999994e+001	  1.6300000000000001e+001	  1.5116000000000000e+002	  9.7849999999999994e+001	  5.6859999999999999e+001	  1.6239999999999998e+001	  5.8810000000000002e+001	  7.3939999999999998e+001	  4.8090000000000003e+001	  6.5099999999999998e+000	  2.9960000000000001e+001	  8.7420000000000002e+001	  7.3879999999999995e+001	  1.4279999999999999e+001	  3.5869999999999997e+001	  8.0199999999999996e+000	  2.4440000000000001e+001	  1.2548999999999999e+002	  2.2149999999999999e+001	  5.3280000000000001e+001	  2.5660000000000000e+001	  3.3439999999999998e+001	  1.1031999999999999e+002	  1.0720000000000001e+001	  3.0340000000000000e+001	  5.3399999999999999e+000	  1.1320999999999999e+002	  8.7469999999999999e+001	  1.2838999999999999e+002	  8.7530000000000001e+001	  2.7859999999999999e+001	  2.6280000000000001e+001	  1.0487000000000000e+002	  9.5920000000000002e+001	  1.3830000000000000e+001	  5.7409999999999997e+001	  3.7219999999999999e+001	  7.4150000000000006e+001	  9.0079999999999998e+001	  4.3560000000000002e+001	  2.2489999999999998e+001	  2.1899999999999999e+000	  5.3200000000000003e+000	  2.9600000000000001e+001	
  7.3334400000000000e+005	  3.6799999999999997e+001	  2.5859999999999999e+001	  1.3859999999999999e+001	  9.2569999999999993e+001	  1.5770000000000000e+001	  1.5080000000000001e+002	  9.2890000000000001e+001	  5.5270000000000003e+001	  1.6629999999999999e+001	  5.8689999999999998e+001	  7.1519999999999996e+001	  4.9590000000000003e+001	  6.2699999999999996e+000	  3.0039999999999999e+001	  8.7000000000000000e+001	  7.1290000000000006e+001	  1.3900000000000000e+001	  3.5560000000000002e+001	  8.0500000000000007e+000	  2.4030000000000001e+001	  1.2475000000000000e+002	  2.0370000000000001e+001	  5.2369999999999997e+001	  2.5649999999999999e+001	  3.2399999999999999e+001	  1.0740000000000001e+002	  1.0940000000000000e+001	  2.9850000000000001e+001	  5.2999999999999998e+000	  1.0884999999999999e+002	  8.5390000000000001e+001	  1.2495999999999999e+002	  8.8700000000000003e+001	  2.8140000000000001e+001	  2.6460000000000001e+001	  1.0436000000000000e+002	  9.3480000000000004e+001	  1.4250000000000000e+001	  5.8130000000000003e+001	  3.6609999999999999e+001	  7.2409999999999997e+001	  9.1150000000000006e+001	  4.3759999999999998e+001	  2.2809999999999999e+001	  2.1600000000000001e+000	  5.3399999999999999e+000	  2.8890000000000001e+001	
  7.3335100000000000e+005	  3.6549999999999997e+001	  2.3420000000000002e+001	  1.2910000000000000e+001	  9.0319999999999993e+001	  1.4279999999999999e+001	  1.4130000000000001e+002	  9.2799999999999997e+001	  5.4210000000000001e+001	  1.5850000000000000e+001	  5.6320000000000000e+001	  6.8590000000000003e+001	  4.7539999999999999e+001	  5.6200000000000001e+000	  2.7199999999999999e+001	  8.2590000000000003e+001	  6.9450000000000003e+001	  1.4210000000000001e+001	  3.5560000000000002e+001	  7.9800000000000004e+000	  2.3250000000000000e+001	  1.2780000000000000e+002	  1.7539999999999999e+001	  5.4210000000000001e+001	  2.4809999999999999e+001	  3.1190000000000001e+001	  9.8849999999999994e+001	  1.1560000000000000e+001	  2.7230000000000000e+001	  5.1399999999999997e+000	  1.0797000000000000e+002	  8.1069999999999993e+001	  1.1748000000000000e+002	  8.6870000000000005e+001	  2.8210000000000001e+001	  2.6430000000000000e+001	  9.2180000000000007e+001	  9.5609999999999999e+001	  1.4330000000000000e+001	  5.8969999999999999e+001	  3.5340000000000003e+001	  7.0000000000000000e+001	  1.0180000000000000e+002	  4.2930000000000000e+001	  2.2050000000000001e+001	  2.1000000000000001e+000	  4.8399999999999999e+000	  2.7980000000000000e+001	
  7.3335800000000000e+005	  3.6200000000000003e+001	  2.3270000000000000e+001	  1.2630000000000001e+001	  8.8890000000000001e+001	  1.4109999999999999e+001	  1.4177000000000001e+002	  9.0159999999999997e+001	  5.2729999999999997e+001	  1.6199999999999999e+001	  5.9390000000000001e+001	  7.1459999999999994e+001	  5.0320000000000000e+001	  5.5199999999999996e+000	  2.7140000000000001e+001	  8.4060000000000002e+001	  6.4019999999999996e+001	  1.4810000000000000e+001	  3.6340000000000003e+001	  8.0299999999999994e+000	  2.3530000000000001e+001	  1.2698999999999999e+002	  1.8020000000000000e+001	  5.3250000000000000e+001	  2.5940000000000001e+001	  3.1640000000000001e+001	  1.0109999999999999e+002	  1.1330000000000000e+001	  2.6149999999999999e+001	  5.1799999999999997e+000	  1.0848999999999999e+002	  8.0079999999999998e+001	  1.1575000000000000e+002	  9.1359999999999999e+001	  2.7309999999999999e+001	  2.4800000000000001e+001	  8.9319999999999993e+001	  8.9159999999999997e+001	  1.4330000000000000e+001	  5.7539999999999999e+001	  3.4899999999999999e+001	  6.9129999999999995e+001	  9.5450000000000003e+001	  4.4250000000000000e+001	  2.2859999999999999e+001	  2.1699999999999999e+000	  5.2300000000000004e+000	  2.8300000000000001e+001	
  7.3336500000000000e+005	  3.6460000000000001e+001	  2.2050000000000001e+001	  1.1880000000000001e+001	  9.2480000000000004e+001	  1.3350000000000000e+001	  1.3625999999999999e+002	  9.2609999999999999e+001	  5.5369999999999997e+001	  1.5890000000000001e+001	  5.9409999999999997e+001	  7.1930000000000007e+001	  5.3299999999999997e+001	  5.0899999999999999e+000	  2.6420000000000002e+001	  8.3980000000000004e+001	  6.3039999999999999e+001	  1.5180000000000000e+001	  3.5950000000000003e+001	  8.1199999999999992e+000	  2.3329999999999998e+001	  1.2906000000000000e+002	  1.7050000000000001e+001	  5.3969999999999999e+001	  2.5649999999999999e+001	  3.0690000000000001e+001	  9.6629999999999995e+001	  1.1090000000000000e+001	  2.5219999999999999e+001	  5.2199999999999998e+000	  1.0437000000000000e+002	  7.9590000000000003e+001	  1.1481000000000000e+002	  9.2920000000000002e+001	  2.7640000000000001e+001	  2.4449999999999999e+001	  8.8879999999999995e+001	  9.1959999999999994e+001	  1.4050000000000001e+001	  6.0070000000000000e+001	  3.4789999999999999e+001	  6.7049999999999997e+001	  9.6370000000000005e+001	  4.4600000000000001e+001	  2.2100000000000001e+001	  2.1600000000000001e+000	  5.3899999999999997e+000	  2.9010000000000002e+001	
  7.3337200000000000e+005	  3.6000000000000000e+001	  2.4020000000000000e+001	  1.2210000000000001e+001	  9.6909999999999997e+001	  1.4760000000000000e+001	  1.4100000000000000e+002	  9.4760000000000005e+001	  5.4969999999999999e+001	  1.6520000000000000e+001	  5.9100000000000001e+001	  7.7150000000000006e+001	  5.2909999999999997e+001	  5.5800000000000001e+000	  2.7930000000000000e+001	  8.9790000000000006e+001	  6.6909999999999997e+001	  1.5100000000000000e+001	  3.7060000000000002e+001	  8.1899999999999995e+000	  2.3690000000000001e+001	  1.3058000000000001e+002	  1.8300000000000001e+001	  5.4149999999999999e+001	  2.5949999999999999e+001	  3.1350000000000001e+001	  1.0437000000000000e+002	  1.0960000000000001e+001	  2.6530000000000001e+001	  5.4500000000000002e+000	  1.0887000000000000e+002	  8.2590000000000003e+001	  1.1912000000000000e+002	  9.3159999999999997e+001	  2.7850000000000001e+001	  2.4660000000000000e+001	  9.4040000000000006e+001	  9.3379999999999995e+001	  1.4190000000000000e+001	  6.2359999999999999e+001	  3.4939999999999998e+001	  6.7250000000000000e+001	  1.0175000000000000e+002	  4.4090000000000003e+001	  2.2910000000000000e+001	  2.1699999999999999e+000	  5.5199999999999996e+000	  2.9840000000000000e+001	
  7.3337900000000000e+005	  3.6159999999999997e+001	  2.4100000000000001e+001	  1.2410000000000000e+001	  9.8739999999999995e+001	  1.5170000000000000e+001	  1.4375000000000000e+002	  9.7200000000000003e+001	  5.6950000000000003e+001	  1.6739999999999998e+001	  6.0009999999999998e+001	  7.7870000000000005e+001	  5.3159999999999997e+001	  5.5000000000000000e+000	  2.8550000000000001e+001	  9.0150000000000006e+001	  6.6579999999999998e+001	  1.5050000000000001e+001	  3.7579999999999998e+001	  8.3499999999999996e+000	  2.4370000000000001e+001	  1.3472000000000000e+002	  1.9050000000000001e+001	  5.5280000000000001e+001	  2.4940000000000001e+001	  3.1809999999999999e+001	  1.0531999999999999e+002	  1.0690000000000000e+001	  2.7070000000000000e+001	  5.4900000000000002e+000	  1.0767000000000000e+002	  8.4340000000000003e+001	  1.2589000000000000e+002	  9.4079999999999998e+001	  2.7670000000000002e+001	  2.4670000000000002e+001	  9.3620000000000005e+001	  9.7900000000000006e+001	  1.4430000000000000e+001	  6.3020000000000003e+001	  3.5710000000000001e+001	  6.8489999999999995e+001	  1.0416000000000000e+002	  4.5270000000000003e+001	  2.2859999999999999e+001	  2.2300000000000000e+000	  5.6399999999999997e+000	  3.0359999999999999e+001	
  7.3338600000000000e+005	  3.6109999999999999e+001	  2.3760000000000002e+001	  1.2190000000000000e+001	  9.7569999999999993e+001	  1.5130000000000001e+001	  1.4430000000000001e+002	  9.8230000000000004e+001	  5.8039999999999999e+001	  1.6710000000000001e+001	  5.7539999999999999e+001	  7.4640000000000001e+001	  5.1810000000000002e+001	  5.4400000000000004e+000	  2.7449999999999999e+001	  8.9150000000000006e+001	  6.3469999999999999e+001	  1.5090000000000000e+001	  3.6670000000000002e+001	  8.2300000000000004e+000	  2.3920000000000002e+001	  1.3690000000000001e+002	  1.8469999999999999e+001	  5.4380000000000003e+001	  2.4660000000000000e+001	  3.1680000000000000e+001	  9.9519999999999996e+001	  1.0340000000000000e+001	  2.7059999999999999e+001	  5.4299999999999997e+000	  1.2468000000000001e+002	  8.2890000000000001e+001	  1.2409999999999999e+002	  9.4129999999999995e+001	  2.9340000000000000e+001	  2.4629999999999999e+001	  9.2609999999999999e+001	  9.5359999999999999e+001	  1.4240000000000000e+001	  6.1240000000000002e+001	  3.5810000000000002e+001	  6.7480000000000004e+001	  1.0341000000000000e+002	  4.4710000000000001e+001	  2.2600000000000001e+001	  2.1800000000000002e+000	  5.4199999999999999e+000	  2.9980000000000000e+001	
  7.3339300000000000e+005	  3.7100000000000001e+001	  2.3070000000000000e+001	  1.1940000000000000e+001	  9.8670000000000002e+001	  1.4859999999999999e+001	  1.4643000000000001e+002	  1.0108000000000000e+002	  6.0570000000000000e+001	  1.6230000000000000e+001	  6.0759999999999998e+001	  7.4040000000000006e+001	  5.3549999999999997e+001	  5.1799999999999997e+000	  2.6980000000000000e+001	  8.7870000000000005e+001	  6.3509999999999998e+001	  1.5010000000000000e+001	  3.6399999999999999e+001	  8.0600000000000005e+000	  2.4010000000000002e+001	  1.3450000000000000e+002	  1.8010000000000002e+001	  5.4780000000000001e+001	  2.4660000000000000e+001	  3.0739999999999998e+001	  9.7310000000000002e+001	  1.0199999999999999e+001	  2.6449999999999999e+001	  5.3399999999999999e+000	  1.2615000000000001e+002	  8.2000000000000000e+001	  1.2534999999999999e+002	  9.6560000000000002e+001	  2.9260000000000002e+001	  2.3379999999999999e+001	  9.1670000000000002e+001	  9.4349999999999994e+001	  1.4270000000000000e+001	  6.2340000000000003e+001	  3.5680000000000000e+001	  6.5049999999999997e+001	  1.0669000000000000e+002	  4.5469999999999999e+001	  2.2539999999999999e+001	  2.1000000000000001e+000	  5.3300000000000001e+000	  3.0160000000000000e+001	
  7.3340300000000000e+005	  3.7049999999999997e+001	  2.3039999999999999e+001	  1.2180000000000000e+001	  9.9189999999999998e+001	  1.5080000000000000e+001	  1.4794999999999999e+002	  1.0141000000000000e+002	  6.1009999999999998e+001	  1.6280000000000001e+001	  6.0950000000000003e+001	  7.4500000000000000e+001	  5.3280000000000001e+001	  4.9800000000000004e+000	  2.7289999999999999e+001	  8.9400000000000006e+001	  6.3969999999999999e+001	  1.5020000000000000e+001	  3.5850000000000001e+001	  8.1400000000000006e+000	  2.4359999999999999e+001	  1.3646000000000001e+002	  1.8210000000000001e+001	  5.5609999999999999e+001	  2.4649999999999999e+001	  3.1000000000000000e+001	  9.7849999999999994e+001	  1.0119999999999999e+001	  2.6780000000000001e+001	  5.4100000000000001e+000	  1.2420000000000000e+002	  8.2870000000000005e+001	  1.2717000000000000e+002	  9.6900000000000006e+001	  2.8670000000000002e+001	  2.3870000000000001e+001	  9.2670000000000002e+001	  9.6000000000000000e+001	  1.4340000000000000e+001	  6.0930000000000000e+001	  3.5530000000000001e+001	  6.4510000000000005e+001	  1.0679000000000001e+002	  4.5670000000000002e+001	  2.2219999999999999e+001	  2.1200000000000001e+000	  5.3799999999999999e+000	  2.9989999999999998e+001	
  7.3340700000000000e+005	  3.7270000000000003e+001	  2.2329999999999998e+001	  1.1670000000000000e+001	  1.0100000000000000e+002	  1.4949999999999999e+001	  1.4208000000000001e+002	  1.0217000000000000e+002	  6.0909999999999997e+001	  1.5640000000000001e+001	  5.8820000000000000e+001	  7.2400000000000006e+001	  5.0930000000000000e+001	  4.7999999999999998e+000	  2.6420000000000002e+001	  8.7219999999999999e+001	  5.6920000000000002e+001	  1.5000000000000000e+001	  3.5600000000000001e+001	  8.0999999999999996e+000	  2.4469999999999999e+001	  1.3858000000000001e+002	  1.7770000000000000e+001	  5.6079999999999998e+001	  2.4300000000000001e+001	  3.0430000000000000e+001	  9.5590000000000003e+001	  1.0199999999999999e+001	  2.5590000000000000e+001	  5.2800000000000002e+000	  1.1661000000000000e+002	  7.9109999999999999e+001	  1.2619000000000000e+002	  9.3359999999999999e+001	  2.7190000000000001e+001	  2.4090000000000000e+001	  8.1739999999999995e+001	  9.7730000000000004e+001	  1.3810000000000000e+001	  5.8609999999999999e+001	  3.4119999999999997e+001	  5.9810000000000002e+001	  1.0134000000000000e+002	  4.6259999999999998e+001	  2.1410000000000000e+001	  2.0400000000000000e+000	  5.1699999999999999e+000	  2.8960000000000001e+001	
  7.3341400000000000e+005	  3.7500000000000000e+001	  2.2460000000000001e+001	  1.1449999999999999e+001	  9.8459999999999994e+001	  1.4440000000000000e+001	  1.4015000000000001e+002	  9.9840000000000003e+001	  6.2640000000000001e+001	  1.5039999999999999e+001	  5.7140000000000001e+001	  7.2680000000000007e+001	  5.0490000000000002e+001	  4.5300000000000002e+000	  2.6109999999999999e+001	  8.4200000000000003e+001	  5.5719999999999999e+001	  1.5320000000000000e+001	  3.5880000000000003e+001	  7.9699999999999998e+000	  2.4309999999999999e+001	  1.3872000000000000e+002	  1.7219999999999999e+001	  5.5909999999999997e+001	  2.5370000000000001e+001	  3.1039999999999999e+001	  9.6000000000000000e+001	  1.0270000000000000e+001	  2.5850000000000001e+001	  5.2800000000000002e+000	  1.1268000000000001e+002	  7.3170000000000002e+001	  1.2529000000000001e+002	  8.5319999999999993e+001	  2.6579999999999998e+001	  2.3879999999999999e+001	  8.1049999999999997e+001	  9.7209999999999994e+001	  1.3289999999999999e+001	  6.2799999999999997e+001	  3.2810000000000002e+001	  5.7439999999999998e+001	  9.5340000000000003e+001	  4.5000000000000000e+001	  2.2329999999999998e+001	  2.0299999999999998e+000	  5.3799999999999999e+000	  2.9260000000000002e+001	
  7.3342100000000000e+005	  3.7000000000000000e+001	  2.0280000000000001e+001	  1.0480000000000000e+001	  9.3140000000000001e+001	  1.4369999999999999e+001	  1.3319000000000000e+002	  9.1950000000000003e+001	  5.8539999999999999e+001	  1.3920000000000000e+001	  5.7469999999999999e+001	  6.9390000000000001e+001	  4.8710000000000001e+001	  4.7100000000000000e+000	  2.4600000000000001e+001	  7.8420000000000002e+001	  5.1320000000000000e+001	  1.5060000000000000e+001	  3.4009999999999998e+001	  7.9900000000000002e+000	  2.2559999999999999e+001	  1.3666000000000000e+002	  1.5140000000000001e+001	  5.2200000000000003e+001	  2.4670000000000002e+001	  2.9489999999999998e+001	  8.4359999999999999e+001	  9.6199999999999992e+000	  2.3449999999999999e+001	  4.9500000000000002e+000	  1.1645000000000000e+002	  7.0109999999999999e+001	  1.1534999999999999e+002	  8.3200000000000003e+001	  2.3690000000000001e+001	  2.2010000000000002e+001	  7.2959999999999994e+001	  9.3689999999999998e+001	  1.2060000000000000e+001	  5.8670000000000002e+001	  3.3689999999999998e+001	  5.3719999999999999e+001	  9.0250000000000000e+001	  4.3460000000000001e+001	  2.1530000000000001e+001	  2.1299999999999999e+000	  5.0400000000000000e+000	  2.7309999999999999e+001	
  7.3342800000000000e+005	  3.7500000000000000e+001	  2.0260000000000002e+001	  1.0060000000000000e+001	  9.0640000000000001e+001	  1.5420000000000000e+001	  1.2162000000000000e+002	  8.4260000000000005e+001	  5.2219999999999999e+001	  1.3930000000000000e+001	  5.2289999999999999e+001	  6.5500000000000000e+001	  4.8310000000000002e+001	  4.3200000000000003e+000	  2.3460000000000001e+001	  7.6900000000000006e+001	  4.9430000000000000e+001	  1.3580000000000000e+001	  3.1250000000000000e+001	  7.3899999999999997e+000	  2.1350000000000001e+001	  1.1920999999999999e+002	  1.3210000000000001e+001	  4.8990000000000002e+001	  2.3210000000000001e+001	  2.8890000000000001e+001	  7.3019999999999996e+001	  9.1899999999999995e+000	  2.1600000000000001e+001	  4.6699999999999999e+000	  1.1243000000000001e+002	  6.9780000000000001e+001	  1.0754000000000001e+002	  8.1340000000000003e+001	  2.5079999999999998e+001	  2.1070000000000000e+001	  7.3230000000000004e+001	  8.2670000000000002e+001	  1.1720000000000001e+001	  5.3229999999999997e+001	  3.1420000000000002e+001	  5.2219999999999999e+001	  8.3859999999999999e+001	  3.9490000000000002e+001	  1.9649999999999999e+001	  2.0299999999999998e+000	  4.7199999999999998e+000	  2.5579999999999998e+001	
  7.3343500000000000e+005	  3.7100000000000001e+001	  2.0930000000000000e+001	  1.0250000000000000e+001	  9.1329999999999998e+001	  1.4770000000000000e+001	  1.2123000000000000e+002	  8.7930000000000007e+001	  5.3600000000000001e+001	  1.4230000000000000e+001	  5.3969999999999999e+001	  6.5280000000000001e+001	  4.7539999999999999e+001	  4.2699999999999996e+000	  2.3829999999999998e+001	  7.7390000000000001e+001	  5.1500000000000000e+001	  1.3560000000000000e+001	  3.2000000000000000e+001	  7.4699999999999998e+000	  2.1160000000000000e+001	  1.1833000000000000e+002	  1.5279999999999999e+001	  4.8469999999999999e+001	  2.3670000000000002e+001	  2.8399999999999999e+001	  8.6790000000000006e+001	  1.0190000000000000e+001	  2.2480000000000000e+001	  4.7599999999999998e+000	  1.1073000000000000e+002	  7.1170000000000002e+001	  1.1639000000000000e+002	  8.1890000000000001e+001	  2.6000000000000000e+001	  2.2000000000000000e+001	  7.2390000000000001e+001	  8.2549999999999997e+001	  1.1820000000000000e+001	  5.1890000000000001e+001	  3.2250000000000000e+001	  5.5200000000000003e+001	  8.9390000000000001e+001	  4.0469999999999999e+001	  1.9780000000000001e+001	  2.0200000000000000e+000	  4.8300000000000001e+000	  2.6730000000000000e+001	
  7.3344200000000000e+005	  3.7759999999999998e+001	  1.8199999999999999e+001	  9.4600000000000009e+000	  8.7939999999999998e+001	  1.4070000000000000e+001	  1.1570000000000000e+002	  8.3950000000000003e+001	  5.3310000000000002e+001	  1.3199999999999999e+001	  5.1710000000000001e+001	  5.9079999999999998e+001	  4.5229999999999997e+001	  4.1399999999999997e+000	  2.1410000000000000e+001	  7.5870000000000005e+001	  4.9100000000000001e+001	  1.3230000000000000e+001	  3.1699999999999999e+001	  7.3899999999999997e+000	  2.0699999999999999e+001	  1.1961000000000000e+002	  1.3650000000000000e+001	  4.7159999999999997e+001	  2.3899999999999999e+001	  2.7940000000000001e+001	  7.6829999999999998e+001	  9.9199999999999999e+000	  2.0670000000000002e+001	  4.4500000000000002e+000	  1.0678000000000000e+002	  6.8909999999999997e+001	  1.0894000000000000e+002	  7.9420000000000002e+001	  2.5480000000000000e+001	  2.0859999999999999e+001	  6.3649999999999999e+001	  8.4620000000000005e+001	  1.1390000000000001e+001	  4.9579999999999998e+001	  3.2789999999999999e+001	  4.9840000000000003e+001	  8.5579999999999998e+001	  3.9409999999999997e+001	  1.9300000000000001e+001	  1.9700000000000000e+000	  4.3200000000000003e+000	  2.5180000000000000e+001	
  7.3344900000000000e+005	  3.7799999999999997e+001	  1.7559999999999999e+001	  9.2300000000000004e+000	  9.0599999999999994e+001	  1.2640000000000001e+001	  1.1306999999999999e+002	  8.5540000000000006e+001	  5.4299999999999997e+001	  1.3220000000000001e+001	  5.1670000000000002e+001	  5.9109999999999999e+001	  4.5909999999999997e+001	  4.1200000000000001e+000	  2.1079999999999998e+001	  7.4319999999999993e+001	  5.1960000000000001e+001	  1.3029999999999999e+001	  3.3490000000000002e+001	  7.3700000000000001e+000	  2.1760000000000002e+001	  1.2106000000000000e+002	  1.3640000000000001e+001	  4.8180000000000000e+001	  2.3320000000000000e+001	  2.7809999999999999e+001	  7.5349999999999994e+001	  1.0029999999999999e+001	  2.0170000000000002e+001	  4.4600000000000000e+000	  1.1047000000000000e+002	  6.9000000000000000e+001	  1.0766000000000000e+002	  8.1209999999999994e+001	  2.5010000000000002e+001	  2.2379999999999999e+001	  6.5930000000000007e+001	  8.5980000000000004e+001	  1.1380000000000001e+001	  4.9829999999999998e+001	  3.2469999999999999e+001	  5.0710000000000001e+001	  8.7579999999999998e+001	  3.9990000000000002e+001	  1.8850000000000001e+001	  1.8200000000000001e+000	  4.5800000000000001e+000	  2.4960000000000001e+001	
  7.3345600000000000e+005	  3.7820000000000000e+001	  1.7410000000000000e+001	  9.6600000000000001e+000	  9.1099999999999994e+001	  1.3240000000000000e+001	  1.1616000000000000e+002	  8.4530000000000001e+001	  5.1219999999999999e+001	  1.3279999999999999e+001	  5.1329999999999998e+001	  6.1200000000000003e+001	  4.6890000000000001e+001	  4.0400000000000000e+000	  2.2359999999999999e+001	  7.4370000000000005e+001	  5.3000000000000000e+001	  1.2690000000000000e+001	  3.2850000000000001e+001	  7.2800000000000002e+000	  2.2070000000000000e+001	  1.1914000000000000e+002	  1.4039999999999999e+001	  4.8920000000000002e+001	  2.2719999999999999e+001	  2.8260000000000002e+001	  6.3840000000000003e+001	  9.6600000000000001e+000	  2.2550000000000001e+001	  4.3899999999999997e+000	  1.1526000000000001e+002	  7.0349999999999994e+001	  1.1154000000000001e+002	  7.8760000000000005e+001	  2.5590000000000000e+001	  2.1920000000000002e+001	  6.5920000000000002e+001	  8.0239999999999995e+001	  1.1480000000000000e+001	  4.9549999999999997e+001	  3.2509999999999998e+001	  5.3119999999999997e+001	  8.7659999999999997e+001	  3.9409999999999997e+001	  1.9000000000000000e+001	  1.7200000000000000e+000	  4.5700000000000003e+000	  2.5629999999999999e+001	
  7.3346300000000000e+005	  3.8100000000000001e+001	  1.8039999999999999e+001	  9.9600000000000009e+000	  9.1780000000000001e+001	  1.3600000000000000e+001	  1.1750000000000000e+002	  8.3980000000000004e+001	  4.9609999999999999e+001	  1.3500000000000000e+001	  5.0979999999999997e+001	  5.9570000000000000e+001	  4.6680000000000000e+001	  3.9100000000000001e+000	  2.2480000000000000e+001	  7.4260000000000005e+001	  5.3670000000000002e+001	  1.2570000000000000e+001	  3.3159999999999997e+001	  7.1399999999999997e+000	  2.2280000000000001e+001	  1.1641000000000000e+002	  1.4660000000000000e+001	  4.9009999999999998e+001	  2.2280000000000001e+001	  2.8469999999999999e+001	  7.0280000000000001e+001	  9.4399999999999995e+000	  2.2250000000000000e+001	  4.4500000000000002e+000	  1.1498000000000000e+002	  6.8230000000000004e+001	  1.1134000000000000e+002	  7.7250000000000000e+001	  2.5250000000000000e+001	  2.2850000000000001e+001	  6.7319999999999993e+001	  7.9870000000000005e+001	  1.1690000000000000e+001	  4.6799999999999997e+001	  3.1609999999999999e+001	  5.2219999999999999e+001	  8.5420000000000002e+001	  4.0920000000000002e+001	  1.9239999999999998e+001	  1.6599999999999999e+000	  4.6299999999999999e+000	  2.4920000000000002e+001	
  7.3347000000000000e+005	  3.8100000000000001e+001	  1.7570000000000000e+001	  9.1799999999999997e+000	  9.0030000000000001e+001	  1.3130000000000001e+001	  1.1114000000000000e+002	  8.3280000000000001e+001	  4.5609999999999999e+001	  1.2690000000000000e+001	  5.0859999999999999e+001	  5.7450000000000003e+001	  4.7810000000000002e+001	  3.6099999999999999e+000	  2.0730000000000000e+001	  7.0959999999999994e+001	  5.1799999999999997e+001	  1.1930000000000000e+001	  3.2399999999999999e+001	  6.9400000000000004e+000	  2.1960000000000001e+001	  1.1436000000000000e+002	  1.4770000000000000e+001	  4.7210000000000001e+001	  2.1230000000000000e+001	  2.7699999999999999e+001	  6.4250000000000000e+001	  9.7599999999999998e+000	  2.0989999999999998e+001	  4.2500000000000000e+000	  1.1293000000000001e+002	  6.6120000000000005e+001	  1.0591000000000000e+002	  7.5340000000000003e+001	  2.4739999999999998e+001	  2.0890000000000001e+001	  6.2229999999999997e+001	  7.7849999999999994e+001	  1.1080000000000000e+001	  4.5270000000000003e+001	  3.1699999999999999e+001	  4.9659999999999997e+001	  8.1500000000000000e+001	  3.9590000000000003e+001	  1.8260000000000002e+001	  1.4399999999999999e+000	  4.3700000000000001e+000	  2.4100000000000001e+001	
  7.3347700000000000e+005	  3.8320000000000000e+001	  1.7690000000000001e+001	  8.9499999999999993e+000	  9.0019999999999996e+001	  1.2949999999999999e+001	  1.1161000000000000e+002	  8.3700000000000003e+001	  4.7180000000000000e+001	  1.2970000000000001e+001	  5.4579999999999998e+001	  5.6500000000000000e+001	  4.7060000000000002e+001	  3.4199999999999999e+000	  2.0680000000000000e+001	  6.9989999999999995e+001	  5.0520000000000003e+001	  1.1420000000000000e+001	  3.2829999999999998e+001	  6.6900000000000004e+000	  2.1500000000000000e+001	  1.1331000000000000e+002	  1.4699999999999999e+001	  4.7009999999999998e+001	  2.0629999999999999e+001	  2.7320000000000000e+001	  6.7959999999999994e+001	  1.0289999999999999e+001	  2.1410000000000000e+001	  4.4199999999999999e+000	  1.0722000000000000e+002	  6.6209999999999994e+001	  1.0720999999999999e+002	  7.7319999999999993e+001	  2.4420000000000002e+001	  2.2520000000000000e+001	  6.0140000000000001e+001	  7.8469999999999999e+001	  1.1279999999999999e+001	  4.3700000000000003e+001	  3.1390000000000001e+001	  4.8420000000000002e+001	  8.0099999999999994e+001	  4.0729999999999997e+001	  1.8329999999999998e+001	  1.3899999999999999e+000	  4.2100000000000000e+000	  2.2899999999999999e+001	
  7.3348500000000000e+005	  3.8719999999999999e+001	  1.9289999999999999e+001	  8.9199999999999999e+000	  9.0480000000000004e+001	  1.3449999999999999e+001	  1.1281999999999999e+002	  8.3730000000000004e+001	  4.7060000000000002e+001	  1.3240000000000000e+001	  5.4689999999999998e+001	  6.1509999999999998e+001	  4.7460000000000001e+001	  3.3799999999999999e+000	  2.1079999999999998e+001	  7.0269999999999996e+001	  5.0880000000000003e+001	  1.0480000000000000e+001	  3.2399999999999999e+001	  6.5099999999999998e+000	  2.0289999999999999e+001	  1.1211000000000000e+002	  1.5160000000000000e+001	  4.4930000000000000e+001	  2.0250000000000000e+001	  2.7129999999999999e+001	  6.0630000000000003e+001	  1.0000000000000000e+001	  2.2420000000000002e+001	  4.3499999999999996e+000	  1.0550000000000000e+002	  6.5120000000000005e+001	  1.1091000000000000e+002	  7.8109999999999999e+001	  2.3309999999999999e+001	  2.1859999999999999e+001	  6.4090000000000003e+001	  7.6010000000000005e+001	  1.1779999999999999e+001	  4.4320000000000000e+001	  3.1379999999999999e+001	  4.7469999999999999e+001	  6.7010000000000005e+001	  3.8880000000000003e+001	  1.7890000000000001e+001	  1.2100000000000000e+000	  3.9199999999999999e+000	  2.3370000000000001e+001	
  7.3349200000000000e+005	  3.8509999999999998e+001	  1.9449999999999999e+001	  9.5099999999999998e+000	  9.2879999999999995e+001	  1.3250000000000000e+001	  1.2606000000000000e+002	  8.4890000000000001e+001	  4.9600000000000001e+001	  1.3760000000000000e+001	  5.4950000000000003e+001	  6.4489999999999995e+001	  4.8479999999999997e+001	  3.6000000000000001e+000	  2.3239999999999998e+001	  7.2379999999999995e+001	  5.2829999999999998e+001	  1.0720000000000001e+001	  3.3659999999999997e+001	  6.7199999999999998e+000	  2.0989999999999998e+001	  1.1090000000000001e+002	  1.5980000000000000e+001	  4.5990000000000002e+001	  2.1410000000000000e+001	  2.8609999999999999e+001	  6.3380000000000003e+001	  9.9399999999999995e+000	  2.3640000000000001e+001	  4.4299999999999997e+000	  1.0915000000000001e+002	  6.9489999999999995e+001	  1.1847000000000000e+002	  7.8560000000000002e+001	  2.4079999999999998e+001	  2.2270000000000000e+001	  6.5469999999999999e+001	  7.7930000000000007e+001	  1.2449999999999999e+001	  4.5420000000000002e+001	  3.1660000000000000e+001	  5.1219999999999999e+001	  6.8879999999999995e+001	  3.9640000000000001e+001	  1.8539999999999999e+001	  1.3200000000000001e+000	  4.0599999999999996e+000	  2.3640000000000001e+001	
